Datetime,Tweet Id,Text,User Name,Language,GPE
20221201,1598455675016908801,Sheets of dollar bills rolling off the presses at the Fort Worth Bureau of Engraving and Printing will soon bear the signature of US Treasury Secretary Janet Yellen https://t.co/sxZ9YAp0oL https://t.co/lw4dkM0Tp0,CNN,en,USA
20221201,1598451938391216130,"The US should not be negotiating with Iran ‚Äúon anything right now,‚Äù including a nuclear agreement, former US Secretary of State Hillary Clinton said https://t.co/4kkoinVThZ",CNN,en,USA
20221201,1598444370071638026,"The Kremlin said that any details of prisoner swap discussions with the United States will not be publicly disclosed and that Moscow is not planning to engage with the Biden administration before the end of the year, according to Russian state media https://t.co/ec6YrE298P",CNN,en,USA
20221201,1598404100328226820,"‚ÄúI didn‚Äôt get, like, hit in the balls,‚Äù US Men‚Äôs National Team captain Christian Pulisic said. ‚ÄúI‚Äôm alright. I‚Äôm alright."" https://t.co/flj6E4V69x",CNN,en,USA
20221201,1598312254541365250,"Prices at the pump continue to plunge, dropping the US average for gasoline below where it was when Russia invaded Ukraine. https://t.co/USY6WowTGi",CNN,en,USA
20221201,1598304671143268355,"US President Joe Biden will spend Thursday taking part in a flurry of events as part of his first state visit since taking office, welcoming the arrival of French President Emmanuel Macron and his spouse, Brigitte Macron. https://t.co/B5B5TzwhZm",CNN,en,USA
20221201,1598282014767153152,"The buildup to the US v Iran World Cup game focused on political tensions, but the players themselves put on a show of solidarity, with US players embracing Iranian players after the match. https://t.co/9MHvVzqKqM https://t.co/4KzrkKivRv",CNN,en,USA
20221201,1598266927197179905,"Officials are bracing for an influx of migrants trying to cross into the United States when the controversial public health authority, known as Title 42, ends in three weeks
https://t.co/23FQZX8nUe",CNN,en,USA
20221201,1598232977284145152,"A nine-figure settlement between the estate of Jeffrey Epstein and the US Virgin Islands has been signed, according to the islands‚Äô attorney general. https://t.co/ngBjnMvUwR",CNN,en,USA
20221201,1598214089360216066,"The United States Women‚Äôs National Team earned more money from its male equivalent reaching the knockout stages of the 2022 FIFA World Cup in Qatar than it did from winning its own tournaments in 2015 and 2019
https://t.co/mM4DK4m5g8 https://t.co/Mm6Y7gTyia",CNN,en,USA
20221201,1598195217110278145,"The Biden administration is considering a dramatic expansion in the training the US military provides to Ukrainian forces, according to multiple US officials.
https://t.co/9nlOieV6Ur",CNN,en,USA
20221201,1598180126528864256,"Mexican-American drug trafficker Edgar Valdez Villareal, alias ‚ÄúLa Barbie,‚Äù is ‚Äúnot currently in federal custody‚Äù in the United States, the Federal Bureau of Prisons told CNN.
https://t.co/ZYguQc8hj6",CNN,en,USA
20221201,1598127277170114560,"The United States Women‚Äôs National Team earned more money from its male equivalent reaching the knockout stages of the 2022 FIFA World Cup in Qatar than it did from winning its own tournaments in 2015 and 2019
https://t.co/FhF9l5BD7V https://t.co/r3ENjfL0J4",CNN,en,USA
20221201,1598115951437807619,"The US Food and Drug Administration is considering shifting its blood donation policy away from blanket assessments toward questionnaires that focus more on individual risk
https://t.co/cvW4YrA4Ir",CNN,en,USA
20221201,1598108394812051457,"Officials are bracing for an influx of migrants trying to cross into the United States when the controversial public health authority, known as Title 42, ends in three weeks
https://t.co/cXkXxJTFsx",CNN,en,USA
20221202,1598763212983369754,"The US military wants its adversaries, as well as allies, to know that, for the first time, a US Navy nuclear-powered ballistic missile submarine has docked at an island in the Indian Ocean as part of an extended months-long deployment. https://t.co/paU0n5NxAS",CNN,en,USA
20221202,1598750434302230530,Christian Pulisic is ‚Äúcleared to play‚Äù in the USA's World Cup match against the Netherlands on Saturday https://t.co/6DYeS8oWNj,CNN,en,USA
20221202,1598557604527149056,Sheets of dollar bills rolling off the presses at the Fort Worth Bureau of Engraving and Printing will soon bear the signature of US Treasury Secretary Janet Yellen https://t.co/uA0FnJv0UC https://t.co/lIuk5Z9yo4,CNN,en,USA
20221202,1598527870296621058,"The Russian government formally told the US Embassy last week about Brittney Griner‚Äôs transfer to a remote penal colony, weeks after the wrongfully detained WNBA star had been moved, according to the Biden administration. https://t.co/26A6Iu4UfU",CNN,en,USA
20221203,1599117528076369921,Team USA was eliminated from the World Cup after a 3-1 loss to the Netherlands in first match of knockout round. https://t.co/h7pm6IFyvx,CNN,en,USA
20221203,1599116283882110977,The coffee-flavored drink has experienced such a resurgence that it has entered the top 10 list of most ordered cocktails at US bars this year. https://t.co/pZhKdQatcw,CNN,en,USA
20221203,1599101178339622912,"Nearly 20,000 people in the United States were admitted to the hospital for flu last week, almost double the number of admissions from the week before. https://t.co/d3YCbjMcJh",CNN,en,USA
20221203,1599084709979557891,"Team USA eliminated from the World Cup after a 3-1 loss to the Netherlands in first match of knockout round
https://t.co/1F1CksaIpe",CNN,en,USA
20221203,1599056043228774402,The knockout round of the World Cup starts now. The US faces off against the Netherlands in a do-or-die match. Follow live updates. https://t.co/OUbRrnmPAL,CNN,en,USA
20221203,1598995496756039681,The round of 16 match on Saturday between the US Men‚Äôs National Team and the Netherlands is one of the more intriguing clashes in the first knockout round of Qatar 2022 https://t.co/hL7Q2PT9KF,CNN,en,USA
20221203,1598987937265377280,"The US military wants its adversaries, as well as allies, to know that, for the first time, a US Navy nuclear-powered ballistic missile submarine has docked at an island in the Indian Ocean as part of an extended months-long deployment. https://t.co/WCvAV48cJc",CNN,en,USA
20221203,1598882242436161536,Sheets of dollar bills rolling off the presses at the Fort Worth Bureau of Engraving and Printing will soon bear the signature of US Treasury Secretary Janet Yellen https://t.co/gMS4f6O6x9 https://t.co/H3jth1mvtL,CNN,en,USA
20221204,1599508895097131008,A Florida police chief has been placed on administrative leave after footage taken from a traffic stop last month revealed she told a deputy she was ‚Äúhoping that you‚Äôll just let us go tonight‚Äù and flashed her badge. https://t.co/Xm68ryogPQ,CNN,en,USA
20221204,1599433849234247684,"Aidan Reilly co-founded The Farmlink Project and brought together a network of young volunteers to tackle food waste and insecurity while helping to feed people in need across the US.

Help Aidan become the next CNN Hero of the Year. Vote now: https://t.co/ANMKKlbytz. https://t.co/FprW77MvLX",CNN,en,USA
20221204,1599433381837676546,"Several days of heavy rain are forecast across portions of the southern US this week
https://t.co/9RLEzdHSsS",CNN,en,USA
20221204,1599408742084366337,"""Why haven't you labeled Russia a state sponsor of terrorism?""
CNN's @jaketapper questions Sec. Antony Blinken about the US response to Russian President Vladimir Putin's war in Ukraine. @CNNSotu #CNNSOTU https://t.co/xE8EfrZJqy",CNN,en,USA
20221204,1599380518927319040,"A former Iran national team football player has criticized authorities for their ‚Äúsilence‚Äù over the death of a man who celebrated the country‚Äôs World Cup defeat to the United States earlier this week.
https://t.co/3FEcqQe2lL",CNN,en,USA
20221204,1599358832215465984,"The runoff for Georgia‚Äôs remaining US Senate seat took the spotlight during the latest episode of ‚ÄúSaturday Night Live.‚Äù
https://t.co/UcHj4ggM1v",CNN,en,USA
20221204,1599357922261307392,"The US military wants its adversaries, as well as allies, to know that, for the first time, a US Navy nuclear-powered ballistic missile submarine has docked at an island in the Indian Ocean as part of an extended months-long deployment. https://t.co/ltD7bMq60V",CNN,en,USA
20221204,1599305047556427779,"The US military wants its adversaries, as well as allies, to know that, for the first time, a US Navy nuclear-powered ballistic missile submarine has docked at an island in the Indian Ocean as part of an extended months-long deployment. https://t.co/Xam6vJ1I6g",CNN,en,USA
20221205,1599901505322098718,"Chinese government-linked hackers have stolen at least $20 million in US government coronavirus relief funds, a US Secret Service spokesperson told CNN Monday. https://t.co/9ssHLGiTB7",CNN,en,USA
20221205,1599863721869852672,"If you've been sweating out that latest deadline for REAL ID required for US air travel, you're getting another reprieve. https://t.co/dA1IY4nTdW",CNN,en,USA
20221205,1599776870412812289,Pfizer and BioNTech have submitted an application to the US Food and Drug Administration for their updated Covid-19 vaccine to be used as the third shot in the three-dose primary vaccine series for children ages 6 months through 4 years. https://t.co/Kzw3CtapNr,CNN,en,USA
20221205,1599720294792531969,A Florida police chief has been placed on administrative leave after footage taken from a traffic stop last month revealed she told a deputy she was ‚Äúhoping that you‚Äôll just let us go tonight‚Äù and flashed her badge. https://t.co/PEQPCOADYI,CNN,en,USA
20221205,1599599467073773571,The runoff for Georgia‚Äôs remaining US Senate seat took the spotlight during the latest episode of ‚ÄúSaturday Night Live.‚Äù https://t.co/ZIIqeGr0Fq https://t.co/zLxBKQqYfb,CNN,en,USA
20221205,1599584372436467712,Tampa Police Chief Mary O‚ÄôConnor has been placed on administrative leave after body camera footage taken from a traffic stop last month revealed she told a deputy she was ‚Äúhoping that you‚Äôll just let us go tonight‚Äù and flashed her badge. https://t.co/KAbSkWsCrI https://t.co/fBGx6VSuQG,CNN,en,USA
20221206,1600260271662157828,"The family of fallen US Capitol Police Officer Brian Sicknick snubbed Sen. Mitch McConnell and Rep. Kevin McCarthy at a ceremony honoring law enforcement who defended the Capitol during the January 6, 2021, insurrection. CNN‚Äôs @jessicadean reports. Watch: https://t.co/XV8cZN6Cr1",CNN,en,USA
20221206,1600195883794038814,"‚ÄúThey‚Äôre just two-faced.""

The family of a fallen officer snubbed top congressional Republicans at a ceremony held to honor law enforcement who defended the US Capitol during the insurrection. https://t.co/b0cyCK3YTw https://t.co/ZLnTLsrY2S",CNN,en,USA
20221206,1600165702186536961,"More than 1,200 pregnant and postpartum women died of a drug overdose in the US in 2020, with overdoses involved in more than 1 in 6 pregnancy-associated deaths that year, according to a new study. https://t.co/n4lsE2leym",CNN,en,USA
20221206,1600161908551831553,"The House select committee investigating the January 6, 2021, attack on the US Capitol has decided to make criminal referrals to the Department of Justice, the panel‚Äôs chairman, Rep. Bennie Thompson, told reporters Tuesday. https://t.co/z6YZQVHvvm",CNN,en,USA
20221206,1600159380158267394,"Aidan Reilly co-founded The Farmlink Project and brought together a network of young volunteers to tackle food waste and insecurity while helping to feed people in need across the US.

Help Aidan become the next CNN Hero of the Year. Vote now: https://t.co/ANMKKlbytz. https://t.co/0O2GLogrOJ",CNN,en,USA
20221206,1600149110090260482,"An airfield in Russia's Kursk region that borders Ukraine was hit with a drone strike. Ret. US Army Major Mike Lyons explains how the attack, which Ukraine has not taken responsibility for, is an advantage for Ukraine. Watch: https://t.co/Bv9JLtEQxK",CNN,en,USA
20221206,1599999597169999872,"This year‚Äôs flu shot appears to be ‚Äúa very good match‚Äù to the circulating strains, US Centers for Disease Control and Prevention Director Dr. Rochelle Walensky said.

However, she noted that flu vaccinations are lagging behind the pace of previous years. https://t.co/ATXkYMnYgM",CNN,en,USA
20221207,1600619970072875008,The Biden administration has decided to appeal a federal court decision that blocked the use of a controversial Trump-era policy that let the US turn away migrants at the southern border https://t.co/jhojpN2SqO,CNN,en,USA
20221207,1600614841101815809,"The Justice Department has appealed a ruling that blocks Title 42, the Trump-era pandemic policy that let the US turn away migrants at the southern border https://t.co/iiiZ8F2DF3",CNN,en,USA
20221207,1600562436221829121,"""This is not a partisan issue, this is an integrity issue,"" the family of fallen US Capitol Police Officer Brian Sicknick said about snubbing GOP leaders during a congressional gold medal ceremony https://t.co/KW9tGd38we",CNN,en,USA
20221207,1600558551621160962,"Brown University now explicitly prohibits discrimination on the basis of caste, joining a number of US colleges and universities in shoring up such protections https://t.co/vTXm8hpWeu",CNN,en,USA
20221207,1600476643063103494,"After a long and expensive campaign season in Georgia, Sen. Raphael Warnock won reelection as one of Georgia‚Äôs two Democratic US Senators. Watch CNN‚Äôs @JohnBerman break down his path to victory county-by-county: https://t.co/N1WyudFJCn",CNN,en,USA
20221207,1600353575632310272,"Sen. Raphael Warnock thanked his mother at his victory speech: ""She grew up in the 1950s in Waycross, Georgia, picking somebody else's cotton and somebody else's tobacco. But tonight, she helped pick her youngest son to be a United States senator."" https://t.co/IraSKhFkBg https://t.co/u0Qo5mvC4X",CNN,en,USA
20221208,1600993660795064321,"US gas prices are now cheaper than they were a year ago, and falling energy prices could continue to help ease consumer inflation. But it comes as jobless claims tick up. https://t.co/DC1E9DCgXw https://t.co/2vHGXXOBV4",CNN,en,USA
20221208,1600932022834401285,"Hospitals are more full than they‚Äôve been throughout the Covid-19 pandemic, according to a CNN analysis. But as respiratory virus season surges across the US, it‚Äôs more than Covid that‚Äôs filling beds this year. https://t.co/leyjCSxSED",CNN,en,USA
20221208,1600930589196095498,The House has voted to pass sweeping legislation that would authorize $858 billion in national defense funding and rescind the US military‚Äôs Covid vaccine mandate. The measure now heads to the Senate. https://t.co/MGqyin646o,CNN,en,USA
20221208,1600916901722525715,"A former US Border Patrol agent charged with fatally shooting four women in and around the border city of Laredo, Texas, in 2018 was found guilty of capital murder for their killings. https://t.co/A9EKPIT7tt",CNN,en,USA
20221208,1600913164459282456,The House is expected to vote on Thursday to pass sweeping legislation that would authorize $858 billion in national defense funding and rescind the US military‚Äôs Covid vaccine mandate. https://t.co/3gElYw2Kqg,CNN,en,USA
20221208,1600904291874590722,"Anne Sacoolas, the US citizen who caused the death of British teen Harry Dunn in a car crash, won't serve jail time after court handed her a suspended sentence. https://t.co/jjhCxdwVHv",CNN,en,USA
20221208,1600863274253287424,"WNBA star Brittney Griner has been released from Russian detention and is on her way back to the United States, President Joe Biden said Thursday.

Watch the announcement here: https://t.co/o4Y4VWnaJG",CNN,en,USA
20221208,1600856515899973632,"The average cost of a regular gallon of gas in the United States is now $3.33, according to AAA. 
https://t.co/CCdmB2Z99v",CNN,en,USA
20221208,1600845175076577288,"There were about 181,806 nonfatal opioid overdoses recorded in the United States in the past year
https://t.co/zV9ArIn7UU",CNN,en,USA
20221208,1600840468698382336,US basketball star Brittney Griner has been released from Russian custody in a prisoner exchange for convicted arms dealer Viktor Bout https://t.co/ukdO8gKpZb,CNN,en,USA
20221208,1600824796073295872,"Here are 5Ô∏è‚É£ things you need to know today:

1Ô∏è‚É£ Same-sex and interracial marriage bill

2Ô∏è‚É£ Ukraine

3Ô∏è‚É£ North Carolina power grid

4Ô∏è‚É£ US immigration

5Ô∏è‚É£ New Covid-19 admissions

https://t.co/5j50uD54oj",CNN,en,USA
20221208,1600822541232340993,"The six-episode docuseries is directed by Liz Garbus, an Emmy-winning and two-time Oscar-nominated documentary filmmaker who has tackled topics ranging from voter disenfranchisement in the US to the life of jazz singer Nina Simone.
https://t.co/XE0YxTLyz0",CNN,en,USA
20221208,1600645343468785664,"Federal prosecutors have unsealed charges against Andrii Derkach, a Kremlin-linked former Ukrainian lawmaker, for an alleged scheme to launder money and purchase real estate in violation of US sanctions. https://t.co/3v7MMXknK8",CNN,en,USA
20221209,1601306953048891392,"Russia demanded that a spy held in Germany be freed in exchange for Paul Whelan, even as the US offered up the names of several other Russian prisoners in US custody that they would be willing to trade https://t.co/bZ91sM5d8i",CNN,en,USA
20221209,1601303178460405760,"Flu surged in the United States after Thanksgiving, bringing the most severe week yet in a season that hit the county extra early https://t.co/m00I98BvjU",CNN,en,USA
20221209,1601275516018892800,Patrick Giblin conned women all over the US. Now he's going to prison for 5 years. https://t.co/RPFU8tEEgP,CNN,en,USA
20221209,1601211594234630145,"Only 35% of US adults say that things are going well in the country today, with 65% saying things are going badly. https://t.co/dACwqBVGxm",CNN,en,USA
20221209,1601186600205127682,"Here are 5 things you need to know today. 

1. Brittney Griner back in the US

2. Sinema leaving Democratic Party

3. Health experts encouraging face masks

4. Winter weather advisories

5. Suspended Twitter users being restored

https://t.co/lRIsYdelbe",CNN,en,USA
20221209,1601176004478877696,"WNBA star Brittney Griner arrived in San Antonio, Texas, after a prisoner exchange with Russia.

Watch the moment she touched down on US soil: https://t.co/V4AwVJXMwD",CNN,en,USA
20221209,1601166722756648961,WNBA star Brittney Griner lands in the US after prisoner exchange with Russia https://t.co/Lpm09gy0Mz,CNN,en,USA
20221209,1601116956752596992,"As a repeal of the US military‚Äôs Covid vaccine mandate took a step closer to becoming law, military officials and experts say it‚Äôs a change that could have ripple-effects on military readiness and the ability of service members to deploy around the world. https://t.co/K8p08IFF75",CNN,en,USA
20221209,1601070897716158464,"Back-to-back-to-back systems will make their way across the US over the next few days, with the last ‚Äì and largest ‚Äì storm bringing heavy rain, blizzard conditions and the potential for tornadoes. https://t.co/HosNqOettH",CNN,en,USA
20221209,1601022081281544192,"Former US Ambassador to the UN Bill Richardson, who helped secure Brittney Griner‚Äôs release, explains to @wolfblitzer how the geo-political differences between Russia and the US affected the chances of being able to swap two Americans for two Russian prisoners. https://t.co/mJuPWgQ2qb",CNN,en,USA
20221210,1601720969017565184,"LeBron James and Billie Jean King pay tribute to US journalist Grant Wahl, who died after collapsing while covering the World Cup in Qatar https://t.co/iqwKiq0eQc",CNN,en,USA
20221210,1601713557586034693,"LeBron James and Billie Jean King pay tribute to US journalist Grant Wahl, who died after collapsing while covering the World Cup in Qatar https://t.co/cWHb9VzcLP",CNN,en,USA
20221210,1601668090755956744,The strong turnout in Georgia‚Äôs runoff election that cemented Democrats‚Äô control of the US Senate is sparking fresh debate about the impact of the state‚Äôs controversial 2021 election law https://t.co/F6zlABZM8i,CNN,en,USA
20221210,1601570073050812417,"A mail carrier was shot to death Friday night in Milwaukee, police say. The US Postal Inspection Service hasn't named a suspect or motive. https://t.co/iK6ip0vSEp",CNN,en,USA
20221210,1601554563655520258,"LeBron James and Billie Jean King pay tribute to US journalist Grant Wahl, who died after collapsing while covering the World Cup in Qatar https://t.co/8CjkbSgCax",CNN,en,USA
20221210,1601544173601148928,The strong turnout in Georgia‚Äôs runoff election that cemented Democrats‚Äô control of the US Senate is sparking fresh debate about the impact of the state‚Äôs controversial 2021 election law https://t.co/B9PS6Zr2Jg,CNN,en,USA
20221210,1601539970019348483,"After being imprisoned in Russia for nearly 10 months, WNBA star Brittney Griner‚Äôs safe return to the US on Friday was marked by a stop at a Texas military medical facility for a routine evaluation, the US State Department said https://t.co/ohYYslhCtB",CNN,en,USA
20221210,1601409147387486211,"American journalist Grant Wahl has died in Qatar while covering the World Cup, US Soccer said in a statement https://t.co/d7DrRYDzN2",CNN,en,USA
20221211,1601988964881244160,"The eruption of the world's largest active volcano -- Mauna Loa in Hawaii -- may soon come to an end, according to the US Geological Survey. https://t.co/ahUue5BfvQ",CNN,en,USA
20221211,1601973869505560579,"The US killed two ISIS officials in a helicopter raid in eastern Syria, US Central Command said in a statement.
https://t.co/M2yvRc2f2d",CNN,en,USA
20221211,1601953142186262532,"""I said keep the faith. We're going to get you.""

Roger Carstens, the US Special Presidential Envoy for Hostage Affairs, tells CNN's @DanaBashCNN what he told Paul Whelan about US efforts to get him out of Russian custody. @CNNSotu #CNNSOTU https://t.co/jZDOYmxvqJ",CNN,en,USA
20221211,1601943751399964672,"""It's one of those rare moments you can celebrate a victory.""

Roger Carstens, the US Special Presidential Envoy for Hostage Affairs, describes his experience meeting Brittney Griner after she was released from a Russian prison. @CNNSotu #CNNSOTU https://t.co/akGGmhtuSG",CNN,en,USA
20221211,1601933094075998211,"Libyan man accused of involvement in making bomb that destroyed airliner over Lockerbie in 1988 is in US custody, Scottish authorities say
https://t.co/6WNxI3crQP",CNN,en,USA
20221211,1601871951974305793,"The eruption of the world's largest active volcano -- Mauna Loa in Hawaii -- may soon come to an end, according to the US Geological Survey. https://t.co/kXJLqKagFL",CNN,en,USA
20221211,1601860601554386944,Yellen became the latest Treasury secretary to sign US currency and the first woman Treasury secretary to have her signature on a US banknote https://t.co/ZQj0PKfvXP https://t.co/QCrOFQI6CY,CNN,en,USA
20221212,1602453010243788801,A Texas man charged in the January 6 attack on the US Capitol has pleaded guilty to threatening Rep. Alexandria Ocasio-Cortez on Twitter shortly after the riot. https://t.co/2TIwuk2d20,CNN,en,USA
20221212,1602445964748390400,Rep. Marjorie Taylor Greene said over the weekend that if she had led the January 6 insurrection at the US Capitol that ‚Äúwe would have won‚Äù and that people would have been ‚Äúarmed.‚Äù https://t.co/1mUSJt51LJ,CNN,en,USA
20221212,1602441698243649538,"More than 2,400 migrants crossed into the United States near El Paso daily over the weekend, according to a senior Border Patrol official, marking what he described as a ‚Äúmajor surge in illegal crossings‚Äù in the region. https://t.co/HNOWYh4UtV",CNN,en,USA
20221212,1602415262287990803,"The US Air Force says it has carried out the first successful test of its complete air-launched hypersonic missile, a program that had previously suffered a series of setbacks because of testing failures. https://t.co/doTZldSm2U",CNN,en,USA
20221212,1602414251062267938,"US scientists have made a long-awaited nuclear fusion breakthrough in the quest toward an infinite source of clean energy, a source tells CNN. https://t.co/L6QQjbbi7T https://t.co/ih6KNa8Iv1",CNN,en,USA
20221212,1602410478063566848,Special counsel Jack Smith has subpoenaed Georgia Secretary of State Brad Raffensperger as part of the Justice Department‚Äôs investigation into efforts to overturn the 2020 election and the US Capitol attack. https://t.co/pKaKYCTY6F,CNN,en,USA
20221212,1602395749509210112,"With his vast crypto empire in ruins, Sam Bankman-Fried is preparing to be grilled by US lawmakers who are demanding answers about how his digital asset exchange, FTX, came unraveled, leaving at least a million customers unable to access their funds. https://t.co/QTzkMthfal",CNN,en,USA
20221212,1602370267652788244,"Americans are split almost evenly over whether they have more confidence in the newly empowered Republicans in the US House of Representatives (51%) or in President Biden (49%) to deal with the major issues facing the country, a new CNN poll shows https://t.co/6G4HcW4noT",CNN,en,USA
20221212,1602310627804024834,"GOP Rep. Marjorie Taylor Greene suggested that if she and Steve Bannon had been in charge of the crowds attacking the US Capitol on January 6, they ‚Äúwould have won.‚Äù

CNN‚Äôs @JohnAvlon and @errollouis discuss her recent comments: https://t.co/Yb0HOx3Kuy",CNN,en,USA
20221212,1602306046541938695,So what‚Äôs going with the availability of medications in the United States? https://t.co/fPwC4weGrf,CNN,en,USA
20221212,1602302282137206788,"The US Department of Energy is expected to announce that scientists have for the first time successfully produced a nuclear fusion reaction resulting in a net energy gain, according to the Financial Times and The Washington Post. https://t.co/kCJJU4hrbq",CNN,en,USA
20221212,1602300398974402561,"Hurricane Ian decimated countless bee colonies used to pollinate the United States‚Äô agriculture. @BillWeirCNN spoke with Florida beekeepers still reeling from the loss.

Watch the report here:
https://t.co/lKeaJYKPlJ",CNN,en,USA
20221212,1602253195677503488,"A large winter storm system slammed into the western US over the weekend, blanketing mountain areas with heavy snow before taking aim at the South, where it's expected to bring severe weather, with strong winds, hail and tornadoes possible. https://t.co/CSMJG9sdyn",CNN,en,USA
20221212,1602219246423052288,President Joe Biden and Ukrainian President Volodymyr Zelensky spoke on Sunday to discuss Russia‚Äôs invasion and recent US efforts to strengthen Ukraine‚Äôs air defenses. https://t.co/m2ZkyaHbqx,CNN,en,USA
20221213,1602808349468360708,US officials announced a history-making accomplishment in nuclear fusion today that could revolutionize the way we power our world. https://t.co/IxwERMIKhG https://t.co/h1w7WdNAtX,CNN,en,USA
20221213,1602783130787749889,"‚ÄúIt will affect us and we are happy to be here to witness this moment.‚Äù

CNN's @donlemon and his fianc√© Tim Malone attended President Biden's White House signing of the landmark federal protections for same-sex and interracial couples. https://t.co/nB5CyHbIKB https://t.co/hPEfMFYTIs",CNN,en,USA
20221213,1602781685841526790,"The flu season ramped up early in the United States this year, but vaccination rates are far from keeping pace https://t.co/mHr5FXNO7M",CNN,en,USA
20221213,1602781682049884164,US lawmakers have introduced new legislation that aims to ban TikTok from operating in the United States https://t.co/X7oAQgzaVy https://t.co/bxss37kvBx,CNN,en,USA
20221213,1602766601585102848,How one family‚Äôs struggle illustrates problems with the program meant to help Afghans who helped the US | Analysis by Jim Sciutto https://t.co/oKh5oIf4A2,CNN,en,USA
20221213,1602755310053167104,"The late civil rights trailblazer and congressman John Lewis will be honored on a new postage stamp in 2023, the US Postal Service announced https://t.co/2OfOqIOsMK",CNN,en,USA
20221213,1602747705855557634,A trio of US lawmakers has introduced new legislation that aims to ban TikTok from operating in the United States https://t.co/ZAryhgN8Ki,CNN,en,USA
20221213,1602716620132065281,"For the first time, US scientists have produced more energy from fusion than the laser energy they used to power the experiment https://t.co/HxoBHKOg2d https://t.co/29ccVIpVMN",CNN,en,USA
20221213,1602702212991520770,"The Covid-19 vaccines have kept more than 18.5 million people in the US out of the hospital and saved more than 3.2 million lives, a new study says ‚Äì and that estimate is most likely a conservative one, the researchers say https://t.co/cfM9OZSJf3",CNN,en,USA
20221213,1602686733614809090,"The body of prominent American journalist Grant Wahl has been returned to the US and an autopsy is being performed after he died while covering the World Cup in Qatar, his manager said https://t.co/dHCahj4JEv",CNN,en,USA
20221213,1602682880110563341,US officials announce a history-making accomplishment in the quest toward infinite clean energy involving nuclear fusion https://t.co/3kDlAhBigC,CNN,en,USA
20221213,1602668452275228672,"Our ears are always listening to the sounds around us. So it‚Äôs no surprise that the daily noises that surround us shape us fundamentally. 

We‚Äôll explore how, on this week‚Äôs episode of Chasing Life. Listen: https://t.co/bLYcwwR7dt https://t.co/MCcMrSy63e",CNN,en,USA
20221213,1602660647896055813,"US inflation cooled more than expected in November, easing to 7.1% annually, the smallest increase in a year. But prices remain painfully high. https://t.co/DOvhpe4WBM",CNN,en,USA
20221213,1602659497952120834,"After erupting for the first time in nearly 40 years, lava flows from Hawaii‚Äôs Mauna Loa volcano now ‚Äúappear to be inactive,‚Äù according to the US Geological Survey https://t.co/lQ1CWkMqkj",CNN,en,USA
20221213,1602648296236916740,"Here are 5Ô∏è‚É£ things you need to know today:

1Ô∏è‚É£ Nuclear fusion

2Ô∏è‚É£ Winter storm

3Ô∏è‚É£ US marriage bill

4Ô∏è‚É£ Covid-19 vaccinations

5Ô∏è‚É£ Immigration

https://t.co/dfA3Exjtch",CNN,en,USA
20221213,1602644114994069507,"For the first time ever, US scientists have successfully produced a nuclear fusion reaction resulting in a net energy gain, a source familiar with the project confirmed to CNN https://t.co/BIoXwJArd9 https://t.co/eLGHAJe7Mn",CNN,en,USA
20221213,1602640191038046208,"A giant winter storm cutting through the US is bringing severe weather, with dangerous blizzard conditions in the Great Plains, icy weather in the upper Midwest and severe storms along the Gulf Coast  https://t.co/RsOjB8Wz17",CNN,en,USA
20221213,1602612915546333184,"Former US Marine pilot Daniel Duggan, who was arrested earlier this year in Australia, is accused of breaking US arms control law by training Chinese military pilots to land on aircraft carriers, according to an indictment unsealed by a US court https://t.co/xQwIYwu3ui",CNN,en,USA
20221213,1602605893945888769,"The body of prominent American journalist Grant Wahl has been returned to the US and an autopsy is being performed after he died while covering the World Cup in Qatar, his manager said https://t.co/fEvzVWposB",CNN,en,USA
20221213,1602601690632491008,"The Covid-19 vaccines have kept more than 18.5 million people in the US out of the hospital and saved more than 3.2 million lives, a new study says ‚Äì and that estimate is most likely a conservative one, the researchers say https://t.co/06P4ne5h73",CNN,en,USA
20221213,1602574086286237696,"A series of internal Twitter documents shared on the platform offer a glimpse into internal debates among some of the company‚Äôs employees ahead of its decision to ban then-President Donald Trump following the January 6, 2021 attack on the US Capitol. https://t.co/821AcNgoD1",CNN,en,USA
20221213,1602455513542844418,"BREAKING: Sam Bankman-Fried, the founder of failed crypto exchange FTX, has been arrested in the Bahamas after US prosecutors filed criminal charges against him, according to a statement from the government of the Bahamas. https://t.co/66qRXVz4n8 https://t.co/xbuN5N8D7E",CNN,en,USA
20221214,1603091469899911168,"Nearly half of US states do not collect data on the number of incarcerated women with children making it difficult for some nonprofits to provide services to those youth, according to a new report released Wednesday https://t.co/0CNCW8uhRi",CNN,en,USA
20221214,1603087484333838337,"Long Covid played a part in at least 3,544 deaths in the United States in the first 30 months of the Covid-19 pandemic, according to a new report https://t.co/Ri85E8KYVP",CNN,en,USA
20221214,1603083673460408326,"The US military has activated its first Space Force command on foreign soil in South Korea, with the unit‚Äôs new commander saying he is ready to face any threat in the region https://t.co/3GI48rLFFb",CNN,en,USA
20221214,1603035935557517313,"The deadly storm system plowing east across virtually the entire United States is far from over, threatening more tornadoes, freezing rain, treacherous travel and power outages https://t.co/m2e5jFi8cG",CNN,en,USA
20221214,1603031552035799041,"@AudieCornish and @sarafischer join @CNNThisMorning to discuss a bill introduced by Republican lawmaker Marco Rubio that is gaining bipartisan support to ban TikTok in the US amid national security concerns.

Watch it here: https://t.co/1BEsNcX2Gb",CNN,en,USA
20221214,1603003575843561472,"Here are 5‚É£ things you need to know today üëá

1‚É£ Biden administration prepares for surge of migrants

2‚É£ Storms rage across the US

3‚É£ Student loan forgiveness

4‚É£ US to send Patriot missile defense system to Ukraine

5‚É£ Sandy Hook anniversary
https://t.co/NFp0q49Zsb",CNN,en,USA
20221214,1602992844905537538,"The US military has activated its first Space Force command on foreign soil in South Korea, with the unit‚Äôs new commander saying he is ready to face any threat in the region https://t.co/hUUISOHFOx",CNN,en,USA
20221214,1602966652945063937,"Some US consulates and embassies have wait times of more than two years to get an interview for a tourist visa. According to experts, that's hurting the country's tourism industry. https://t.co/FoGlBHRn07",CNN,en,USA
20221214,1602962977912721408,"Long Covid played a part in at least 3,544 deaths in the United States in the first 30 months of the Covid-19 pandemic, according to a new report https://t.co/sVWpDifqZL",CNN,en,USA
20221214,1602836004452327425,"FTX founder Sam Bankman-Fried was arrested and indicted on charges of wire fraud and conspiracy. Prosecutors say the ex-crypto chief committed ""one of the biggest financial frauds in US history."" @brynnCNN reports: https://t.co/bEoHt7mf07",CNN,en,USA
20221215,1603530374201606145,"A new government report found more than 7 million incorrect diagnoses are made in US emergency rooms every year. CNN‚Äôs @jaketapper shares his personal experience from when his 14-year-old daughter, Alice, almost died as a result of a misdiagnosis. https://t.co/uMamjqdN6c",CNN,en,USA
20221215,1603514499448840217,"A US Capitol police officer who was injured on January 6 said that he is not leaving the force by choice, but ‚Äúbecause they did that to me, the mob.‚Äù https://t.co/6tvZShrYrW",CNN,en,USA
20221215,1603468711188434944,"In recent months, more men between the ages of 30-44 have been dropping out of the workforce, US data shows. And women are stepping into roles in more male-dominated industries, like construction. https://t.co/3wVM7P4jhb https://t.co/HBlDsyemgA",CNN,en,USA
20221215,1603404568297185280,"Consumer spending fell in November, with US retail sales declining by 0.6%, according to data released by the Commerce Department.
https://t.co/6eIUB8ifLi",CNN,en,USA
20221215,1603398951142658048,New government data shows that more middle-aged men are disappearing from the US workforce -- for a number of reasons https://t.co/G1QwoqM4Hd,CNN,en,USA
20221215,1603378114033221632,"The Senate passed legislation to ban TikTok from US government devices.
https://t.co/iiB7yO9qEF",CNN,en,USA
20221215,1603365517473054720,"Here are 5Ô∏è‚É£ things you need to know today:

1Ô∏è‚É£ Winter storms

2Ô∏è‚É£ Congress tries avoid shutdown

3Ô∏è‚É£ Free Covid tests

4Ô∏è‚É£ US border

5Ô∏è‚É£ World Cup final set

https://t.co/ZP6352mn2z",CNN,en,USA
20221215,1603336631720738818,"A Chinese student appeared in a federal court in the United States, charged with one count of stalking after allegedly threatening and harassing someone who advocated for democracy in China
https://t.co/ndRE3wRT89",CNN,en,USA
20221215,1603321483509616640,"House Speaker Nancy Pelosi‚Äôs official portrait was unveiled in a ceremony at the US Capitol, with speeches from old allies and political sparring-mates who reminisced on her historic tenure. https://t.co/81xajvSG8H",CNN,en,USA
20221215,1603291318599487488,Drug overdose deaths in the US have slowed in recent months after reaching record levels earlier this year https://t.co/HemIlwLvPN,CNN,en,USA
20221215,1603261099373203457,"A small proportion ‚Äì 14.1% ‚Äì of all diagnosed cancers in the United States are detected by screening with a recommended screening test, according to a new report https://t.co/Ywhl2RWCYt",CNN,en,USA
20221215,1603246027674370049,"The end of a Trump-era border policy will ‚Äúlikely increase migration flows immediately,‚Äù and migrants who are in encampments along Mexico‚Äôs northern border may attempt to cross into the United States, according to a Homeland Security intelligence memo https://t.co/qDv4KycRXo",CNN,en,USA
20221215,1603212018898669569,"Reality television stars Todd and Julie Chrisley, who last month were sentenced to prison for fraud and tax crimes, will be heading to Florida to serve their time, according to documents from the US Marshals Service that were recently filed with the court https://t.co/sBX5V1U1d2",CNN,en,USA
20221216,1603889612946128897,It's been a tough year for US investors as inflation and fears of a recession continue https://t.co/6opT4IdOJ1 https://t.co/Bgxaq1faSM,CNN,en,USA
20221216,1603885209094610945,A flu season that hit the US early and hard is showing the first signs of slowing in parts of the country https://t.co/U8JG6QR0H1,CNN,en,USA
20221216,1603853210279677978,The US State Department has announced it is opening a ‚ÄúChina House‚Äù which will serve as the convening point for US policy toward Beijing and boost the number of diplomats focused on the country. https://t.co/w1046yHo4f,CNN,en,USA
20221216,1603848712907853845,"The internet has come a long way since Tim Berners-Lee invented the world wide web in 1989. Now, in an era of growing concern over privacy, he believes it‚Äôs time for us to reclaim our personal data. https://t.co/VVFbBYtQaQ",CNN,en,USA
20221216,1603829095405584402,"US retail sales fell sharply at the start of the holiday shopping season, dropping by 0.6% during the month of November, according to data released by the Commerce Department https://t.co/Jkb2DbZn7t https://t.co/MBncMxmUD2",CNN,en,USA
20221216,1603800825519915009,"The rioter at the front of a mob that chased US Capitol Police Officer Eugene Goodman up flights of stairs near the Senate chamber on January 6, 2021, has been sentenced to five years behind bars https://t.co/SVrcj1H79a",CNN,en,USA
20221216,1603795942699941891,"The rioter at the front of a mob that chased US Capitol Police Officer Eugene Goodman up flights of stairs near the Senate chamber on January 6, 2021, has been sentenced to five years behind bars https://t.co/q5Zdbe5ujN",CNN,en,USA
20221216,1603786814002708480,Puerto Rico has moved one step closer to becoming a US state https://t.co/DlZmOrIyaC https://t.co/J0cW8HkORt,CNN,en,USA
20221216,1603755266599981056,"US regulators have gained full access to the audits of Chinese companies for the first time, reducing the threat that tech giants such as Alibaba and https://t.co/Ij1jEiIprh could be kicked off US stock exchanges https://t.co/QyxDgfFlNO",CNN,en,USA
20221216,1603735560371281922,"Magnus Carlsen enjoyed an undefeated victory over reigning US blitz champion Fabiano Caruana, winning by an 18-point margin https://t.co/BokzCwPfbJ",CNN,en,USA
20221216,1603728754286776322,"The internet has come a long way since Tim Berners-Lee invented the world wide web in 1989. Now, in an era of growing concern over privacy, he believes it‚Äôs time for us to reclaim our personal data. https://t.co/mwbExaxZ0S",CNN,en,USA
20221216,1603688208478470145,The monstrous storm that walloped much of the US this week has now brought nor‚Äôeaster conditions as it moves across New York and New England ahead of the weekend https://t.co/Cbb42NFmSa,CNN,en,USA
20221216,1603612144993550337,"A new study finds that nearly 6% of the estimated 130 million people who go to US emergency rooms every year are misdiagnosed, which translates to about 1 in 18 patients getting the wrong diagnosis. https://t.co/q25Dco3SP0",CNN,en,USA
20221216,1603585750116798464,"Billie Moore ‚Äì the head coach of the first US women‚Äôs Olympic basketball team, the first head coach to lead two schools to national championships in women‚Äôs basketball and a member of the Naismith Memorial Basketball Hall of Fame ‚Äì died Wednesday. https://t.co/GpTBJ7YtnC",CNN,en,USA
20221216,1603552692902797315,The Senate has voted to pass a $858 billion national defense bill that will also rescind the US military Covid vaccine mandate. https://t.co/esDtBRtVCI,CNN,en,USA
20221216,1603551743593299968,Democratic investigators on the House Intelligence Committee have alleged that US intelligence agencies may have lost a critical opportunity to gather useful information on the pandemic‚Äôs origins by failing to pivot its collection resources earlier. https://t.co/ZVw1jQ6JmZ,CNN,en,USA
20221217,1604167083226324992,"Edward Kelley was already facing charges in connection with the January 6, 2021, attack on the US Capitol. https://t.co/YQQ5AfuNwE",CNN,en,USA
20221217,1604148203510710278,"American college student Kenny DeLand Jr. has been reunited with his mother in Lyon, France, and is expected to return to the United States soon. https://t.co/uZUTvct43V",CNN,en,USA
20221217,1604137117042577409,"US retail sales fell sharply at the start of the holiday shopping season, dropping by 0.6% during the month of November, according to data released by the Commerce Department https://t.co/REmlFwo2W8 https://t.co/DGDzCAfiK3",CNN,en,USA
20221217,1604016319900405762,"The internet has come a long way since Tim Berners-Lee invented the world wide web in 1989. Now, in an era of growing concern over privacy, he believes it‚Äôs time for us to reclaim our personal data. https://t.co/ycWiauAGgn",CNN,en,USA
20221217,1603963465420492800,"Cybercriminals have in recent months stolen hundreds of thousands of dollars‚Äô worth of shipments from US food suppliers by placing fraudulent orders for milk products, the FBI and other federal agencies have warned https://t.co/uhoznLbwuL",CNN,en,USA
20221217,1603935032271331328,"US retail sales fell sharply at the start of the holiday shopping season, dropping by 0.6% during the month of November, according to data released by the Commerce Department https://t.co/Sj3CnW4vs5 https://t.co/YcyuJ6SX02",CNN,en,USA
20221217,1603903086543925248,"A war crimes tribunal in The Hague has sentenced a former commander of the Kosovo Liberation Army to 26 years in prison.

The case was one overseen in part by now-special counsel Jack Smith, appointed last month to oversee probes in the US involving Trump. https://t.co/cBQ5ojVOYI",CNN,en,USA
20221218,1604619554247905280,"Wednesday's quirky dance has unlocked something weird within all of us, and now it's taking the internet by storm.  https://t.co/47pHsvZVMf https://t.co/8G9YHAnb2p",CNN,en,USA
20221218,1604608974241894402,"President Biden will announce Monday that former Massachusetts Rep. Joe Kennedy III will serve as the US envoy to Northern Ireland, according to a source. https://t.co/tSB3F2j3tY",CNN,en,USA
20221218,1604601422728908802,"Former FTX CEO Sam Bankman-Fried is expected to appear in a Bahamas court on Monday to reverse his decision to contest extradition to the US, a person familiar with the matter told CNN. https://t.co/UguEjxh53f",CNN,en,USA
20221218,1604597437963948034,"As 2022 ends, CNN wants to know your reasons to be hopeful in 2023. Tell us your hopes using the link below, or post your hope on social media with the hashtag #Hope2023 for the chance to be featured in CNN‚Äôs New Year‚Äôs Eve coverage. https://t.co/6H0FnlWDMR",CNN,en,USA
20221218,1604548573873311744,"US Customs and Border Protection officers seized zebra and giraffe bones from a woman at Washington's Dulles International Airport, the agency says. https://t.co/PEwnDUqJqy",CNN,en,USA
20221218,1604480904268750848,"""Should they delete that app?""

""They should.""

Rep. Mike Gallagher (R-WI) shares why he believes TikTok should be banned from use in the US. @CNNSotu #CNNSOTU https://t.co/Zhfmz8O9lX",CNN,en,USA
20221218,1604462939557216257,"As 2022 ends, CNN wants to know your reasons to be hopeful in 2023. Tell us your hopes using the link below, or post your hope on social media with the hashtag #Hope2023 for the chance to be featured in CNN‚Äôs New Year‚Äôs Eve coverage. https://t.co/DIJ2tAREN0",CNN,en,USA
20221219,1604952264027914242,"A new video clip played by the House select committee investigating the January 6 insurrection of the US Capitol shows Hope Hicks, who previously served as a top aide to former President Donald Trump, reference Trump's baseless claims of election fraud. https://t.co/kAbWXQHSsI",CNN,en,USA
20221219,1604921872503767062,"The House committee investigating the January 6 insurrection at the US Capitol held its final public session on Monday. The committee is expected to release its final report in full this week, but first released a summary of its key findings. https://t.co/iQdvhd9bA1",CNN,en,USA
20221219,1604885861535039494,"The House committee investigating the Jan. 6 insurrection at the US Capitol is holding its last public session at 1 p.m. ET Monday, marking the end of the panel's expansive probe into the riot and former President Trump's role. 

Follow live updates.

https://t.co/OAXldzuoBI",CNN,en,USA
20221219,1604870499921760257,Fashion brand Esprit returns to the US -- with pop-up stores in LA and New York. https://t.co/0U4evyauCw,CNN,en,USA
20221219,1604820544343400450,The Department of Energy is set to shift the US lightbulb market to energy efficient LED bulbs. https://t.co/XOLkH5mTMN,CNN,en,USA
20221219,1604816364572745734,"The House select committee investigating the US Capitol attack on January 6, 2021, will hold its last public meeting on Monday
https://t.co/T1VV3kDGKg",CNN,en,USA
20221219,1604797459141640193,"""The expected move by the January 6 committee to formally ask the Department of Justice to prosecute former President Donald Trump over his role in the US Capitol insurrection will make history,"" writes Stephen Collinson | Analysis
https://t.co/VEf1xYslqz",CNN,en,USA
20221219,1604635416971321347,"The TSA is expanding its test of facial recognition technology at select US airports, but the pilot program is not without criticism. https://t.co/RkZ4sPOKj2",CNN,en,USA
20221220,1605344839700291586,"The US National Park Service includes popular parks such as Yosemite and Zion, but there are alternative park systems that offer a chance to get away from it all on your own rather than be elbow-to-elbow with other nature seekers. https://t.co/XNPeaHf9Sy https://t.co/sg27zSHsXE",CNN,en,USA
20221220,1605269360586678272,"A US Navy investigation found that three suicides within one week in April among the crew of an aircraft carrier in Newport News, Virginia, were ‚Äúnot related or connected.‚Äù https://t.co/Q7scPeW4fk",CNN,en,USA
20221220,1605235367438950403,"The US is expected to send Ukraine precision bomb kits that will turn existing unguided munitions, or ‚Äúdumb‚Äù bombs, into precision-guided ‚Äúsmart‚Äù bombs known
https://t.co/p15WLloUhe",CNN,en,USA
20221220,1605212708042903552,"United States President Joe Biden, Russian President Vladimir Putin and French President Emmanuel Macron are amongst world leaders who have congratulated Argentina President Alberto Fern√°ndez.
https://t.co/ojCymkAoQl",CNN,en,USA
20221220,1605190814040203265,Travel chaos is expected across the US as winter weather worsens https://t.co/aRpbMZIAbq,CNN,en,USA
20221220,1605159785132859392,"A 6.4 magnitude earthquake was detected about 7.5 miles west-southwest of Ferndale, California, in Humboldt County, the US Geological Survey says
https://t.co/8CTDBF7oEw",CNN,en,USA
20221220,1605137206657667078,"British Airways flights from the United States were delayed due to technical difficulties.
https://t.co/o72LYOh2Xe",CNN,en,USA
20221220,1605088152003149824,"Key US airlines have issued travel waivers ahead of what's forecast to be a brutal ""bomb cyclone"" of wintry weather in the Midwest and other regions later this week. https://t.co/94BHKCMr6x",CNN,en,USA
20221220,1605054974198657025,"The Biden administration is unveiling a new proposed rule that, if enacted, would effectively phase out compact fluorescent light bulbs and move the US light bulb markets decisively to more energy-efficient LEDs. https://t.co/NVqpzZjVvo https://t.co/HKszLjmBjs",CNN,en,USA
20221220,1605042838198157312,"The TSA is expanding its test of facial recognition technology at select US airports, but the pilot program is not without criticism. https://t.co/WRgfyYZOUW",CNN,en,USA
20221220,1605027764603691009,An independent panel of experts says its review of the US Food and Drug Administration‚Äôs tobacco program found numerous wide-ranging problems that hinder its ability to regulate the industry and reduce tobacco-related disease and death. https://t.co/NUjxBhTaqA,CNN,en,USA
20221220,1605020234598981632,"Lawmakers reached an agreement to include in must-pass legislation a measure aimed at making it harder to overturn a certified presidential election, marking the first legislative response to the US Capitol insurrection https://t.co/ffClR6iaBy",CNN,en,USA
20221220,1604997538775441408,"The House select committee investigating the January 6, 2021, attack on the US Capitol has concluded that former President Trump was ultimately responsible for the insurrection.

Here's what‚Äôs in the House January 6 committee report summary: https://t.co/FVbtUxCyea https://t.co/NIp6SUMmyv",CNN,en,USA
20221221,1605707195454201858,"House Republicans released a report focused on security failures at the US Capitol on January 6, 2021, highlighting well-documented breakdowns in intelligence sharing and coordination between various law enforcement agencies that responded that day. https://t.co/9FrV73Q3e9",CNN,en,USA
20221221,1605699691651399681,"The US announced this week that it is providing a Patriot missile battery to Ukraine ‚Äî but experts say that while it will be a valuable addition to the beleaguered country‚Äôs air defense, it‚Äôs not a cure-all. https://t.co/Gbq2Fq3iTS",CNN,en,USA
20221221,1605684568656420871,"An arctic blast and bomb cyclone will push through most of the United States as the season officially starts, and that's bound to bring disruptions for millions of holiday travelers. https://t.co/7BRPD8IpEX",CNN,en,USA
20221221,1605677032645484561,Walmart said it has reached agreements with all 50 US states as part of a $3.1 billion nationwide opioid settlement. https://t.co/j9b2EkeU0Y,CNN,en,USA
20221221,1605673475670171663,"EXCLUSIVE: The‚ÄØBiden administration has launched an expansive task force to investigate how US and western components are ending up in Iranian-made drones Russia is launching into Ukraine, multiple officials familiar with the effort tell CNN https://t.co/UPTZYeRzig",CNN,en,USA
20221221,1605634880888512512,"Ukrainian President Volodymyr Zelensky is paying a dramatic visit to the US, using his first trip outside his homeland since it was invaded 300 days ago to rally his top international partner behind sustained military and economic assistance. https://t.co/TsYh2zxiyQ",CNN,en,USA
20221221,1605598793998671897,Home sales in the United States declined for the 10th month in a row in November as surging mortgage rates topped 7% and stubbornly high prices kept buyers out of the market https://t.co/TkbgU0BL7g,CNN,en,USA
20221221,1605579382373945345,"Before the violent attack on her husband in late October, the security of Nancy Pelosi‚Äôs California home had not been assessed by United States Capitol Police since 2018, Police Chief Thomas Manger told CNN‚Äôs Pamela Brown in an exclusive interview https://t.co/j4iLi4Igme",CNN,en,USA
20221221,1605520256373497857,"EXCLUSIVE: The‚ÄØBiden administration has launched an expansive task force to investigate how US and western components are ending up in Iranian-made drones Russia is launching into Ukraine, multiple officials familiar with the effort tell CNN https://t.co/4GoNyaBVe7",CNN,en,USA
20221221,1605512466078863360,"As a Trump-era migration policy remains in limbo, so are the lives of thousands of migrants waiting across the United States border https://t.co/8Zsbx29OLO",CNN,en,USA
20221221,1605458062667546625,"Custom diets are the next frontier in nutrition science ‚Äì and artificial intelligence will play a key role in figuring out what each of us should, and shouldn‚Äôt, be eating. https://t.co/diMjS9A9PT",CNN,en,USA
20221221,1605412768730972160,"When winter storms force us to brace for freezing rain, wind, sleet and snow, lives can be in danger. But there are steps you can take to keep yourself and others safe when extreme cold strikes. https://t.co/Ohl1Q1cAda",CNN,en,USA
20221222,1606062052883288087,The major winter storm crossing the nation is causing dramatic declines in temperatures across the central US as arctic air pushes south and east https://t.co/1KCbSkVtiH,CNN,en,USA
20221222,1605979001499127808,"Zelensky took the opportunity in his speech to thank the US for assisting Ukraine in the war against Russia
https://t.co/xQa9Fz7rTr",CNN,en,USA
20221222,1605971476523503620,"Influenza is continuing its early and severe rampage through the United States, but there‚Äôs some hopeful news for flu seasons of the future https://t.co/dbwf1LJDf0",CNN,en,USA
20221222,1605967686311321607,"Russia‚Äôs foreign ministry condemned what it called the ‚Äúmonstrous crimes‚Äù of the ‚Äúregime in Kyiv,‚Äù after US President Joe Biden promised more military support to Ukraine during Zelensky‚Äôs summit at the White House https://t.co/d9UThJ6nrJ",CNN,en,USA
20221222,1605952252077809667,"Two suspended Washington, DC, officers have been found guilty on charges related to the death of a 20-year-old man during a 2020 police pursuit, the US Attorney‚Äôs Office for the District of Columbia said in a news release Wednesday https://t.co/S85rEAmVBy",CNN,en,USA
20221222,1605949855825907716,"A major winter storm blasting much of the central and eastern US is bringing record-breaking temperature drops and harsh snowy conditions that have resulted in flight cancellations, highway closures and several state emergency declarations https://t.co/RTUxarxf8D https://t.co/BTZpZlwB2E",CNN,en,USA
20221222,1605947288152641538,"Life expectancy in the United States dropped for the second consecutive year in 2021, falling to the lowest it has been since 1996, according to the CDC https://t.co/x8iHq9iQtW",CNN,en,USA
20221222,1605919631289589767,"Hillary Clinton called Ukrainian President Volodymyr Zelensky‚Äôs address to Congress ‚Äúextraordinary,‚Äù saying the country‚Äôs fight against Russian aggression has ‚Äúproven that they are a really good investment for the United States‚Äù https://t.co/108G8gtIqk",CNN,en,USA
20221222,1605914053448286208,"Here are 5‚É£ things you need to know today üëá

1‚É£ Temperatures plunge across the US

2‚É£ President Zelensky addresses Congress

3‚É£ Jan. 6 panel's report

4‚É£ Sam Bankman-Fried extradition

5‚É£ Covid-19
https://t.co/KpJv9xmlo0",CNN,en,USA
20221222,1605882462793596929,"Life expectancy in the United States dropped for the second consecutive year in 2021, falling to the lowest it has been since 1996, according to the CDC https://t.co/gisbvCgwO8",CNN,en,USA
20221222,1605875847533105152,"A major winter storm blasting much of the central and eastern US is bringing record-breaking temperature drops and harsh snowy conditions that have resulted in flight cancellations, highway closures and several state emergency declarations https://t.co/Eh77YpfY6B",CNN,en,USA
20221222,1605862464943431681,"More than 100 million people across the US are under winter weather and wind chill alerts as a major winter storm is expected to bring what the National Weather Service is calling a ‚Äúonce in a generation type event.‚Äù

Follow live updates: https://t.co/GCXTnbErjS",CNN,en,USA
20221222,1605754447988248576,CNN‚Äôs @andersoncooper talks to Hillary Clinton about Ukrainian President Volodymyr Zelensky‚Äôs address to US Congress. Watch: https://t.co/QStej6qyso,CNN,en,USA
20221222,1605751093434228736,"""This is Vladimir Putin‚Äôs worst nightmare"": CNN‚Äôs @jaketapper reacts to Ukrainian President Volodymyr Zelensky‚Äôs speech to the US Congress where he was received with enthusiastic applause. Watch: https://t.co/yNtuMlLhaz",CNN,en,USA
20221222,1605744952272736256,"More than 1,000 flights have been cancelled across the United States, according to the flight tracking site FlightAware, as severe winter weather threatens holiday travel. https://t.co/rhyOjLlvPd https://t.co/Pz2iPAqntW",CNN,en,USA
20221223,1606424687290056705,"Seasonal flu activity remains high in the United States, but continues to slow in most parts of the country, according to data from the US Centers for Disease Control and Prevention. https://t.co/Llap5vrA7M",CNN,en,USA
20221223,1606341142525747202,"President Biden signed the National Defense Authorization Act into law, a massive defense spending bill with provisions that will give service members a pay raise, fund support for Ukraine and Taiwan, and rescind the US military's Covid-19 vaccine mandate. https://t.co/R1bxkJgnJH",CNN,en,USA
20221223,1606326041659801604,"Thousands of flights have been canceled as a massive winter storm slams large swaths of the US and disrupts holiday travel.

Read more: https://t.co/7lU0QBX7my https://t.co/SCn8YZ9Ujx",CNN,en,USA
20221223,1606319004934721538,The US economy grew at an annual pace of 3.2% between July and September https://t.co/C9r0mYCf93 https://t.co/8HtA0Mf0IG,CNN,en,USA
20221223,1606294887153934347,Both UPS and FedEx are warning that the winter storm hitting large swaths of the United States is disrupting operations in the final delivery days before Christmas https://t.co/Ph3rbCZ0Lt,CNN,en,USA
20221223,1606290032519782401,"Transportation Secretary Pete Buttigieg joins ""CNN This Morning"" to discuss his top concern about the winter storm sweeping across the US. Watch here:
https://t.co/scl4Dcxv8R",CNN,en,USA
20221223,1606275908209463296,"The commander of the Washington, DC, National Guard ‚Äústrongly‚Äù considered deploying troops to the US Capitol on the afternoon of January 6, 2021, without approval from his superiors, according to the final report from the House January 6 select committee https://t.co/37x9ZUZSDG",CNN,en,USA
20221223,1606246268736528386,"Winter weather continues to disrupt holiday travel across the United States on Friday, leaving travelers facing delays and cancellations during one of the busiest times of the year https://t.co/OzUk9yqLLn",CNN,en,USA
20221223,1606226524209926144,The massive winter storm battering the US with plunging temperatures coast-to-coast has left thousands without power and prompted more than a dozen governors to create emergency response plans ahead of Christmas weekend https://t.co/BjimSljaYW,CNN,en,USA
20221223,1606222497862615040,"More than half the US population is under winter storm and wind chill alerts as a major storm slams multiple parts of the country, with cold temperatures reaching as far south as the US-Mexico border.

Follow live updates: https://t.co/iNFJ1iEWWb",CNN,en,USA
20221224,1606794108332294144,‚ÄúIt was time for us to decompress because we were disappointed that we could not find him. And then God opened up the heavens to us and almost took him and put him right in our hands.‚Äù https://t.co/iZCXKmCB40,CNN,en,USA
20221224,1606451560967454721,Children of US service members stationed overseas spoke with @brikeilarcnn about being away from their parents during the holidays. Watch here: https://t.co/6Sd3dAEwTP,CNN,en,USA
20221225,1606986899704487936,"A nearly weeklong winter storm blasting much of the US has plunged temperatures to life-threatening lows
https://t.co/XzQMOrkKiv",CNN,en,USA
20221225,1606979325533847555,"A nearly weeklong winter storm blasting much of the US has plunged temperatures to life-threatening lows, brought blizzards and floods, and left more than a quarter million people without power on Christmas Day.
https://t.co/IkOU3TS6Lh",CNN,en,USA
20221226,1607515004240011264,Former US Ambassador to Ukraine William Taylor tells CNN's @wolfblitzer why he thinks Russian President Vladimir Putin is now offering to negotiate in his war against Ukraine. Watch here: https://t.co/mQLKZbfgAm,CNN,en,USA
20221226,1607496789770309634,"From the McRib to the Choco Taco, here's a look back at six culinary creations that left us in 2022 https://t.co/jy0AtfMdRW",CNN,en,USA
20221226,1607432575793897472,"More than 2,000 flights within, into or out of the US had already been canceled by noon ET Monday, according to flight tracking website FlightAware, while more than 4,000 flights had been delayed https://t.co/n7gNvTQCCR",CNN,en,USA
20221226,1607425022179647489,"At least 25 people have died in Erie County, New York, as a result of a massive winter storm that blasted much of the US in recent days, county officials say https://t.co/ZnzqLNuLtN",CNN,en,USA
20221226,1607277541672321024,"The US Military Academy will begin removing Confederate monuments from its campus, including a portrait of Robert E. Lee that shows him wearing a Confederate uniform https://t.co/W1ZO4hDQF5",CNN,en,USA
20221226,1607171859828674561,"‚ÄúThe Electoral College now ‚Äì which has given us five popular-vote losers as president in our history, twice in this century alone ‚Äì has become a danger, not just to democracy, but to the American people,‚Äù Rep. Jamie Raskin said in an interview https://t.co/cZ6T1PxWn0",CNN,en,USA
20221227,1607850329571303424,"Heavy coastal rain and mountain snow from a potent atmospheric river are falling across the western United States, with more to come later this week. https://t.co/N3QIbnqkRz",CNN,en,USA
20221227,1607821398864429059,"On both sides of the border, shelters are overwhelmed with people who‚Äôve made the long and treacherous journey to flee poverty and violence in their home countries and seek asylum in the US. Their numbers are only expected to grow. https://t.co/7BQJJeGft7",CNN,en,USA
20221227,1607807555153104896,Air travelers in the US hoping for clear skies following a disastrous week of flight cancellations and delays will have to extend their patience a few more days -- particularly if they're flying with Southwest Airlines. https://t.co/001e5RakHc https://t.co/9ym2Kt2X3i,CNN,en,USA
20221227,1607802275874983936,"From Russia‚Äôs war in Ukraine, to the Queen‚Äôs death, to the first Black woman being seated on the US Supreme Court -- these were some of the biggest and most remarkable stories of the year. Explore our special feature ‚Äú2022: The Year in Pictures‚Äù here: https://t.co/NgxQHiEUoY https://t.co/BSNZb2RN6V",CNN,en,USA
20221227,1607775838291853318,The death toll from last week's massive winter storm continues to rise as freezing temperatures still impact parts of the US. Follow here for live news updates üëá https://t.co/rftOimtMwv,CNN,en,USA
20221227,1607756973788774401,There is growing concern among infectious disease and public health experts that the US could face even more respiratory infections in January. https://t.co/vxOZUeO1Xu,CNN,en,USA
20221227,1607741871224135681,"More than 90% of Tuesday‚Äôs US flight cancellations are Southwest, according to flight tracking website FlightAware. So what gives?https://t.co/1LJiDMPiON",CNN,en,USA
20221227,1607734318641586177,"Hackers stole data belonging to multiple electric utilities in an October ransomware attack on a US government contractor that handles critical infrastructure projects across the country, according to a memo describing the hack. https://t.co/77aCS3ubaY",CNN,en,USA
20221227,1607730789373853696,Air travelers hoping for clear skies on Tuesday following a disastrous week of weather-related flight cancellations and delays in the US will have to extend their patience a few more days -- particularly if they're flying with Southwest Airlines. https://t.co/GBqGxAutxS,CNN,en,USA
20221227,1607662846078324736,"From the McRib to the Choco Taco, here's a look back at six culinary creations that left us in 2022 https://t.co/HGsl5nBFrF",CNN,en,USA
20221227,1607587357774970882,"Nearly 1.6 million asylum applications are pending in US immigration courts and at US Citizenship and Immigration Services ‚Äì the largest number of pending asylum cases on record, according to an analysis of federal data https://t.co/p6IPiSCMuL",CNN,en,USA
20221227,1607564464278339584,A perilous and prolonged winter storm that barreled across the nation over the past week brought heavy snow and blizzard conditions to parts of the US. These are the places that received some of the highest snow totals. https://t.co/3x7aileKSl,CNN,en,USA
20221228,1608247394654908416,"New transcripts reveal how Donald Trump approached the aftermath of the January 6 insurrection at the US Capitol, including pushing for pardons for those around him. Rep. Adam Schiff (D-CA) weighs in on the details with CNN's @wolfblitzer. Watch here: https://t.co/GSXha1wxOe",CNN,en,USA
20221228,1608198789117927430,"The US will require travelers from China to show a negative Covid test result before flying to the country, as Beijing eases restrictions and cases surge https://t.co/KB8ZqsD5Hu",CNN,en,USA
20221228,1608190556085141506,"TikTok has been banned from electronic devices managed by the US House of Representatives, according to an internal notice sent to House staff https://t.co/D1Xe03kAmK",CNN,en,USA
20221228,1608184525049167872,There is growing concern among infectious disease and public health experts that the US could face even more respiratory infections in January. https://t.co/Hw7Wf436bu,CNN,en,USA
20221228,1608132820383170560,"The US is considering imposing new Covid-19 measures for individuals traveling from China amid concerns over a rise in Covid-19 cases in the country and a ‚Äúlack of transparent data,‚Äù US officials said https://t.co/d1EcVrRjVh",CNN,en,USA
20221228,1608126986349694979,"No major analysts predicted last December that this year would (likely) be the worst for US stocks since 2008, oil prices would shoot from $70 to $130 and then careen back to $70, and that the Fed would announce four straight historic interest rate hikes https://t.co/leMaVXpm7O",CNN,en,USA
20221228,1608101459312234496,"From the McRib to the Choco Taco, here's a look back at six culinary creations that left us in 2022 https://t.co/mtwFPpsPL4",CNN,en,USA
20221228,1608049596621627393,"A strong storm system bringing heavy rain and mountain snow to much of the western United States has left more than 126,000 customers without power as the region braces for more weather woes in the days to come https://t.co/pduhry7Ae1",CNN,en,USA
20221228,1607971621658103808,"From the McRib to the Choco Taco, here's a look back at six culinary creations that left us in 2022 https://t.co/LzQgNmV0qr",CNN,en,USA
20221228,1607965078220840960,There is growing concern among infectious disease and public health experts that the US could face even more respiratory infections in January. https://t.co/X3NImQb7e0,CNN,en,USA
20221229,1608604107568209920,"A Chinese fighter jet intercepted a US reconnaissance aircraft over the South China Sea last week and performed an ""unsafe maneuver,"" forcing the US aircraft to take evasive action. Watch @OrenCNN's report here: https://t.co/FLJxLaqJqB",CNN,en,USA
20221229,1608598811319885830,US drivers have never seen a year quite like 2022 https://t.co/T1c03Xa9kL,CNN,en,USA
20221229,1608528300250374144,Niagara Falls has turned into a winter wonderland in the wake of the massive winter storm that hit the US and Canada. https://t.co/t6aJFy66uk,CNN,en,USA
20221229,1608516210324393984,"Starting January 1, sesame will join the list of major food allergens defined by law, according to the US Food and Drug Administration https://t.co/OqTDFOGF8X",CNN,en,USA
20221229,1608472124485672961,The final Mega Millions jackpot of the year in the US has reached an estimated $640 million https://t.co/URRGUGlFYW https://t.co/RCgSTKFGnT,CNN,en,USA
20221229,1608456410853003270,A federal appeals court has ruled that three Sikh men should be allowed to go through US Marine Corps recruit training with their turbans and beards intact https://t.co/xyhHJcBPZX,CNN,en,USA
20221229,1608443462604521473,"While countries including the US and Japan move to impose restrictions, others such France and Great Britain have made it clear they are ready to welcome Chinese travelers https://t.co/I9J1uYJwV0",CNN,en,USA
20221229,1608435521981751296,"From the McRib to the Choco Taco, here's a look back at six culinary creations that left us in 2022 https://t.co/8QxHQNsPOe",CNN,en,USA
20221229,1608415080609157124,"An Alaska man with congestive heart failure says he missed out on a chance to get a new heart for Christmas when last week‚Äôs winter storm battered much of the US, leading to thousands of flight cancellations https://t.co/rNUbs09IZW",CNN,en,USA
20221229,1608399285355159553,Twelve states across the Western and Central US are under winter weather alerts as of early Thursday morning https://t.co/Ex1T7i8sqY,CNN,en,USA
20221229,1608353405864480770,"TikTok has been banned from electronic devices managed by the US House of Representatives, according to an internal notice sent to House staff. https://t.co/TiVzpTdetH https://t.co/ej9Dj0jaay",CNN,en,USA
20221229,1608266814781550593,A federal appeals court has ruled that three Sikh men should be allowed to go through US Marine Corps recruit training with their turbans and beards intact https://t.co/OUx2PV4kVI,CNN,en,USA
20221229,1608263049512890368,"In response to the increased number of migrants crossing the border in El Paso, US Customs and Border Protection is erecting a soft-sided tent facility to increase migrant processing capacity by about 1,000, according to a spokesperson https://t.co/mnGN3lvVvY",CNN,en,USA
20221230,1608972285896966155,"Then-President Donald Trump wanted to trademark the phrase ‚ÄúRigged Election!‚Äù days after the 2020 election, according to emails provided by his son-in-law Jared Kushner to the House committee investigating the January 6, 2021, US Capitol insurrection. https://t.co/KH2eu3bSbd",CNN,en,USA
20221230,1608925751734157312,"Seasonal flu activity remains high in the US, but continued to decline in most areas last week, leading up to Christmas, CDC data shows https://t.co/7Ww9DZyDRZ",CNN,en,USA
20221230,1608734684157968384,Niagara Falls has turned into a winter wonderland in the wake of the massive winter storm that hit the US and Canada. https://t.co/FGM3FvOQHk,CNN,en,USA
20221230,1608712028075565059,"An Alaska man with congestive heart failure says he missed out on a chance to get a new heart for Christmas when last week‚Äôs winter storm battered much of the US, leading to thousands of flight cancellations https://t.co/I4W9VnIDL3",CNN,en,USA
20221230,1608674303691657218,The US Department of Transportation formally warned Southwest Airlines that it will face consequences if it fails to do right by stranded and inconvenienced passengers. https://t.co/JGoJAEYfjE,CNN,en,USA
20221230,1608635065684180993,"Former Trump White House Press Secretary Stephanie Grisham details her final days with Melania Trump, including the former first lady's views about the 2020 election and her behavior during the January 6 insurrection of the US Capitol. Watch here: https://t.co/E7WC8C1pvu",CNN,en,USA
