Text,Media,GPE
"Chinese scientists have found a new frog species in S China's Guangdong. The species has a small body size, with five adult males measuring 23.2 to 25.9 mm in snout-vent length.",PDChina,China
"China's services trade value grew 17.2% YOY in the first 10 months of 2022, standing at nearly 4.92 trillion yuan ($690.77 billion), data from the Ministry of Commerce showed on Thursday.",PDChina,China
"China will conduct its 5th national economic census in 2023 to take stock of the country's economic and social development, according to a notice published by the State Council.",PDChina,China
"In SW China lies a hidden paradise, where countless uniquely shaped hills are alive with lush forest!",PDChina,China
"In pics: The construction site of the Harbin Ice-Snow World, a renowned seasonal theme park that opens every winter in NE China's Heilongjiang.",PDChina,China
Tip: Don’t keep your car parked outside for too long during winter in NE China.,PDChina,China
"The Chinese PLA Navy released video of China's second aircraft carrier, the Shandong, conducting real combat training. The Shandong is China's first domestically designed and built aircraft carrier.",PDChina,China
"As the night closes in, splendid lights adorn the cityscape of Harbin, northeast China's Heilongjiang province.",PDChina,China
A total of 53 sites of ancient cultural remains and 278 relics dating back to as early as the Eastern Zhou Dynasty (770 BC-256 BC) were unearthed at a historic site in SW China's Chongqing. A batch of remains from the Spring and Autumn Period (770-476 BC) was also found here.,PDChina,China
"Breathtaking scenery of Luya Mountain in north China's Shanxi Province. Its ice caves, forests, rivers, and mountains form a unique natural landscape.",PDChina,China
"Start an energetic day with Doupi, one of the must-eat street food in Wuhan, central China's Hubei Province.",PDChina,China
"China's express delivery sector has handled more than 100 billion parcels this year as of Thursday, according to data from the State Post Bureau.",PDChina,China
"China's state-owned enterprises () raked in 66.42 trillion yuan (about $9.25 trillion) in operating revenues in the January-October period, up 8.9% from the same period last year, according to data from the Ministry of Finance.",PDChina,China
"Boating on the mirror: Enjoy the picturesque scenery in Fuping, north China's Hebei Province.",PDChina,China
"A total of 15 pilots obtained the C919 Type Rating after the China-made airplane completed related training specification test of the Flight Standardization Committee, meaning the C919 will soon be delivered for operation, said CAAC.",PDChina,China
"The Dushu Lake South Tunnel, China’s first four-ramp, six-lane, double-layer tunnel under a navigable canal, opened to traffic in Suzhou, E China's Jiangsu Monday. The underwater vehicular tunnel, constructed with cut-and-cover method, has a total length of 3.33 kilometers.",PDChina,China
"China's local governments issued bonds worth approximately 4.7 trillion yuan (about $654.88 billion) in the first ten months of 2022, data from the Ministry of Finance showed.",PDChina,China
Wild crested ibises enjoy a leisurely bath in Tianyuhe River in NW China's Shaanxi. The crested ibis is an endangered species under Class-I protection in China.,PDChina,China
The first undersea subway tunnel in NE China has been trial operated. The tunnel links the world's largest offshore airport to downtown Dalian City and will be operational by Apr 2024.,PDChina,China
"China's crew members on board the country's orbiting space station will return to Earth in the coming days, and the search and rescue team on the ground have completed a joint rehearsal on Thursday night, according to the Jiuquan Satellite Launch Center.",PDChina,China
"The West Lake welcomed the first snow of this winter in Hangzhou, E China's Zhejiang, adding a touch of natural beauty to the area.",PDChina,China
"Panda: ""Aha! There you are!"" The world's only captive brown panda Qizai finds a carrot in the snow-covered grass at a giant panda research and breeding center in NW China's Shaanxi.",PDChina,China
"China’s meteorological satellites, Fengyun-3E (FY-3E) and Fengyun-4B (FY-4B), along with their ground application systems, have officially started operation, said China Meteorological Administration.",PDChina,China
"With a height of 71.7 meters, Leifeng Pagoda at sunset is regarded as one of the ten best scenic spots of West Lake in Hangzhou, east China's Zhejiang province.",PDChina,China
"The ancient charm of Dujiangyan city, southwest China's Sichuan, is illuminated by colorful lights, giving a fancy night tour for visitors from near and far.",PDChina,China
"A new China-Laos freight train route for transporting cold-chain fruits was launched Friday in the Lao capital Vientiane, bound for southwest China's Chongqing. The train was loaded with 25 refrigerated containers of fruit worth more than 5.5 million yuan (about $779,766).",PDChina,China
"The first batch of development wells for the phase I project of Bozhong 19-6, the first 100 billion m3 gas field in China's Bohai Sea, started drilling on Thursday. The gas field has proven reserves of over 150 million m3 of oil and nearly 200 billion m3 of natural gas.",PDChina,China
"Picturesque scenery of Guan'E Valley Scenic Area in Longnan city, Northwest China's Gansu province after a snowfall.",PDChina,China
"Look how an artist finished a street painting in Chengdu, southwest China’s Sichuan Province, in 5 days!",PDChina,China
"China-Laos Railway has handled 8.5 million passenger trips and delivered 11.2 million tonnes of cargo as of December 2, according to China Railway Group.",PDChina,China
"The Xi'an-Tongchuan section of the Xi’an-Yan’an high-speed railway began construction Wed in NW China’s Shaanxi, meaning the whole line of the railway is now under construction. The 299-km-long railway with a designed speed of 350 kph is expected to boost local transportation.",PDChina,China
"The 921-km Harbin-Dalian high-speed railway in northeast China, the world's first of its kind to operate at extremely low temperatures, has seen 670 million trips since it was launched 10 years ago, said the China Railway Harbin Group.",PDChina,China
"China's longest coal-bed methane long-distance pipeline was put into trial operation Thur. The some 623-km-long pipeline, stretching from Shenmu of Shaanxi province to Anping of Hebei province, can transport 5 billion m3 of natural gas every year.",PDChina,China
"The sunset glow paints the evening sky with various shades of colors above Beihai City, south China’s Guangxi Zhuang Autonomous Region, creating mesmerizing scenery.",PDChina,China
"Enjoy the beauty of West Lake in Hangzhou, east China's Zhejiang province.",PDChina,China
"The shield tunnel project crossing the Yangtze River of the China-Russia east-route natural gas pipeline, a key project for the pipeline, was successfully completed Saturday after 28 months of construction, creating a necessary condition for the early completion of the pipeline.",PDChina,China
"As Xi'an in northwest China's Shaanxi Province embraced the first snow this winter, the ancient buildings and walls covered with snow show extraordinary charm in the city.",PDChina,China
"The Jinshanling section of the in north China’s Hebei Province appears to be more magnificent in the winter sun, winding like a dragon along the lofty myriad mountains.",PDChina,China
"Mythical bird glimmers in the sky! Carrying auspicious meanings and best wishes, a ""phoenix"" powered by travels through the air and leaves audiences in awe in Guangyuan, southwest China's Sichuan.",PDChina,China
A spectacle is captured as a rainbow arched over the magnificent ice-decorated Hukou Waterfall on the Yellow River in the border area between China's Shanxi and Shaanxi provinces.,PDChina,China
"Over 100 relics and 24 houses, tombs, and pit remains, including earthenware, stoneware and boneware, have been unearthed this year in a newly-excavated area of 547.5 square meters at the Weizili site dating back to the Bronze Age in northeast China's Jilin Province.",PDChina,China
"China's ice and snow market has seen robust growth and strong upgrading momentum as the market value rose 51.88% YoY in 2021 and is expected to exceed 800 billion yuan (about $113.41 billion) this year. It is likely to top 1 trillion yuan in 2025, a report showed.",PDChina,China
China Snow Valley in northeast China's Heilongjiang Province is a must-go place for snow lovers who fancy a winter getaway.,PDChina,China
"Electric carmaker Tesla will recall 435,132 Model 3 and Model Y vehicles in China as a software glitch may cause tail lights to fail to illuminate, China's top quality watchdog said.",PDChina,China
China’s first production line exclusively for the manufacturing of hydrogen-powered industrial vehicles officially went into operation in south China’s Guangdong on Saturday.,PDChina,China
Visit the Yulong River in south China's Guangxi and take a raft to appreciate the otherworldly scenery.,PDChina,China
"What a gorgeous view! The snow decorated the solar power plant in Dunhuang, northwest China’s Gansu Province, with extraordinary beauty.",PDChina,China
"China's major internet enterprises saw their spending on R&D resume a double-digit expansion in the first 10 months of 2022, totaling 63.67 billion yuan (about US$9.03 billion), up 10.4% YoY: official data",PDChina,China
"The manned spacecraft, carrying astronauts Chen Dong, Liu Yang and Cai Xuzhe, separated from China's space station on Sunday, according to the China Manned Space Agency.",PDChina,China
"Boasting a long history of tea cultivation, Ya’an of southwest China's Sichuan Province is the birthplace of dark tea and green tea making techniques. Inherited by generations of tea makers, both techniques are now listed as national-level intangible cultural heritage.",PDChina,China
"Winter snow fell at the Shenyang Imperial Palace in Shenyang, northeast China's Liaoning Province, creating a peaceful vibe. Shenyang Imperial Palace was built in 1625 and had been used as the imperial palace in early Qing Dynasty (1616-1911).",PDChina,China
"First of its kind to run on the China-Laos Railway, a cross-border freight train empowered by technology, which helps enhance safety and transparency during int’l trade, was launched in Chengdu, SW China’s Sichuan on Saturday.",PDChina,China
"Many tourists are drawn to the frozen waterfall on the Yuntai Mountain in central China's Henan Province, as the cold temperature has turned the stunning waterfall into an ice-covered wonderland.",PDChina,China
"China's astronauts, who have completed all their scheduled tasks, will return to Earth Dec 4, China Manned Space Agency said Sat. The 3 astronauts handed over control of the space station to crew Fri, completing the country's 1st in-orbit crew rotation.",PDChina,China
Residents captured the moment of the return capsule of spacecraft streaking through the night sky in NW China on its way home.,PDChina,China
"China's deep space exploration laboratory, which started operation in June this year, is recruiting top talents from around the world, according to China National Space Administration on Monday. Nearly 100 posts are available.",PDChina,China
In pics: The Jinfoshan Scenic Area in SW China's Chongqing embraces the first snow of this winter.,PDChina,China
"A bevy of swans enjoys leisure time on a misted lake after snow, adding a touch of liveness to the freezing winter in Rongcheng, E China's Shandong.",PDChina,China
The falling snow makes the scenery of Mount Laojun in C China's Henan even more beautiful.,PDChina,China
"Keep your dreams alive! A kindergarten security guard uses his leisure time to draw traditional Chinese paintings on barrels in Zibo, E China's Shandong.",PDChina,China
Bits and pieces of falling snowflakes render the historical water town of Wuzhen with soft and tranquil vibes in east China's Zhejiang.,PDChina,China
"A new high-speed railway linking Nanning and Chongzuo in south China’s Guangxi opened to traffic on Monday. With a designed operating speed of 250 km/h, the 121-km-long rail line will cut the travel time between the two cities from over two and a half hours to some 50 minutes.",PDChina,China
"Construction of the Hangzhou Bay Cross-sea Railway Bridge, the world's longest sea-crossing high-speed railway bridge, has kicked off in Ningbo, east China's Zhejiang Province. The bridge spans 29.158 kilometers in length.",PDChina,China
"A landscape painting comes to life as you stroll leisurely along the path at the Huanglongtan scenic spot in Heqing, southwest China's Yunnan Province.",PDChina,China
"The Gouina hydropower station, which was funded and built by China, has been completed in the West African country. It is expected to generate 621 million kWh of electricity annually once put into operation. (file pic)",PDChina,China
The track-laying work of the Zhongwei-Lanzhou section along the Yinchuan–Lanzhou high-speed railway was completed on Saturday in northwest China. The 219-km section has a design speed of 250 km/h and is expected to go operational at the end of the year.,PDChina,China
"The China-aided construction of the permanent headquarters of the Economic Community of West African States (ECOWAS) began Sunday in Abuja, 's capital, to consolidate ECOWAS's operations in one complex -- a departure from operating at three different locations in Abuja.",PDChina,China
"Golden persimmons are seen hanging on the tree branches, adding a touch of color to winter in southwest China's Sichuan Province.",PDChina,China
"The third batch of experiment samples from China's space station, including new rice seeds produced in space, was delivered on Sunday, according to the Chinese Academy of Sciences (CAS). It is the world's first time to harvest rice seeds in orbit.",PDChina,China
"More than 1,500 trips have been made along the Yixin'ou China-Europe freight train route so far this year, with 124,000 TEUs of cargo delivered, up 26% year on year and hitting a new record high, according to the latest data.",PDChina,China
"Two temples stand on the peaks of Shuangta Mountain in Chengde, north China's Hebei province. Do you know how they were built?",PDChina,China
"The combined added value of major firms in China's electronic information manufacturing sector, each with an annual business revenue of at least 20 million yuan (about $2.8 million), rose 9.5% year on year during the first 10 months of this year, according to official data.",PDChina,China
"China's natural gas consumption increased 1.8% year on year to 30.53 billion cubic meters in October this year, according to the country's top economic planner.",PDChina,China
"Three Chinese astronauts on board the manned spaceship returned to Beijing safely on Monday, after completing their six-month space station mission, according to China Manned Space Agency.",PDChina,China
"Like an optical illusion! A hiker walks across a frozen lake in N China’s Qinhuangdao city, which is so clear as if he is walking in the air.",PDChina,China
"Snow scenery of Hengshan Mountain scenic area in Hengyang, central China's Hunan Province.",PDChina,China
"A man shows how to make an eco-friendly ""freezer"" during the winter in N China's Inner Mongolia.",PDChina,China
"The Gaoyanzi Forest Farm is covered in snow and shrouded in mist, creating a picturesque scenery in Enshi, C China's Hubei.",PDChina,China
"Take a look at this ancient building in Yuncheng, north China's Shanxi province, which stands on a mound more than 10 meters high and has a history of hundreds of years.",PDChina,China
"The Purchasing Managers' Index () for the global manufacturing sector stood at 48.7 in November, down from 49.4 in October, the China Federation of Logistics and Purchasing said on Tuesday.",PDChina,China
China's space station enters long-term residence mode,PDChina,China
"The falling snow exudes a romantic vibe against the backdrop of the red walls of a temple on Taibai Mountain, northwest China's Shaanxi Province.",PDChina,China
"A total of 70.35 million tonnes of autumn grain have been purchased in China's major grain-producing areas this year as of November 30, up 5.37 million tonnes from a year earlier, according to the latest official data.",PDChina,China
"Reaching an altitude of 3,724 meters, Mount Longtou stands above a floating sea of clouds in southwest China's Sichuan Province. The spot is known to visitors as the ""Edge of the Earth"" for its magnificent and sharp cliff.",PDChina,China
"In the first eleven months of this year, the New International Land-Sea Trade Corridor saw 687,133 TEU containers transported by the railway intermodal freight trains, up 18.9% from the same period of last year, data from China Railway Group showed.",PDChina,China
"Get a taste of the winter charm! Pieces of snowflake-shaped frost were captured gradually filling a bubble in Changchun, northeast China's Jilin Province, where the temperature logged -18°C in the morning.",PDChina,China
"It is said that if you haven't been to Hanshan Temple, you haven’t been to Suzhou. Hanshan Temple, located in Suzhou, east China's Jiangsu province, has a history of more than 1,000 years and is a beautiful place frequently visited by foreign tourists.",PDChina,China
"China has approved the emergency use of a new domestic influenza virus vector vaccine. The vaccine, intake as an intranasal spray, can build an immune barrier in one's respiratory tract and show good protection against the variant.",PDChina,China
"China will conduct military tasks in designated waters of the Bohai Sea from 12:00 on December 6 to 12:00 on December 14. Entry will be prohibited, said Dalian Maritime Safety Administration. (file pic)",PDChina,China
"The global population of crested ibises, a rare bird species, has increased from seven in 1981 to more than 9,000 at present, the forestry authorities of northwest China's Shaanxi Province told a press briefing on Monday.",PDChina,China
"Enjoy the natural beauty of the winter landscape in Ergun, N China's Inner Mongolia.",PDChina,China
"He's back! Harbin in NE China's Heilongjiang is bringing back its super-sized snowman for another year of winter fun. The 18-meter-high snowman has become a new landmark of China's ""Ice City.""",PDChina,China
"In E China, a car was rear-ended by a truck and pushed into the path of an oncoming train. Fortunately, the passengers narrowly escaped tragedy.",PDChina,China
"Chinese Premier Li Keqiang co-chaired the 27th regular meeting with Russian Prime Minister Mikhail Mishustin via video link and expressed China's willingness to maintain high-level exchanges, strengthen exchanges and cooperation in various fields with Russia.",PDChina,China
"Chinese President Xi Jinping has arrived in Riyadh on Wednesday afternoon to attend the first China-Arab States Summit and the China-Gulf Cooperation Council summit, and pay a state visit to Saudi Arabia.",PDChina,China
"Clip-clop! Over 300 horses gallop against the backdrop of glittering sunset afterglow at a ranch in Zhangye, northwest China’s Gansu Province.",PDChina,China
"China's Enping 15-1 oilfield group, boasting Asia's largest offshore oil production platform, started production in Pearl River Mouth Basin, said its operator Wed. Having a max daily oil output of 5,000 tons, it will boost economy of Guangdong-Hong Kong-Macao Greater Bay Area.",PDChina,China
"Based on 1st self-developed Multi-channel Raman insertion probes system, China has set up a spectroscopy lab in cold seep of the South China Sea for in-situ long-term experiments in extreme deep-sea environments. The unmanned lab can bear a max pressure of 4,500m under the sea.",PDChina,China
"Nature's wonder! A mountain is pierced by a large hole and embellished by a broad area of green and red leaves in Fengjie County, southwest China's Chongqing.",PDChina,China
"China no longer requires negative test results for domestic cross-regional travelers, said the State Council on Wednesday.",PDChina,China
"China's foreign trade of goods expanded 8.6% YoY to 38.34 trillion yuan (about $5.78 trillion) during the first 11 months of the year, according to the General Administration of Customs on Wednesday.",PDChina,China
China's Ministry of Finance will issue this year's 4th batch of RMB treasury bonds in the SAR on Wednesday. The batch worth 5 billion yuan (about $715.9 million) is also the last batch of this year's 23 billion yuan worth of RMB treasury bonds.,PDChina,China
"Enjoy the magnificence of the UNESCO World Heritage site Longmen Grottoes in central China's Henan, whose beauty lasts through more than a thousand years.",PDChina,China
"Bamboo-drifting is a skill which originated in the Chishui River area in southwest China's Guizhou province a long time ago. Yang Liu, 25, who was born and raised in Zunyi, Guizhou, gave a perfect performance for the visitors.",PDChina,China
"China on Wednesday sent a VDES experimental satellite into the preset orbit via Kuaizhou-11 solid-fuelled carrier rocket from Jiuquan Satellite Launch Center in northwest China, according to China National Space Administration.",PDChina,China
"Guanyan Scenic Area, located in the middle of the Lijiang River, is 29 kilometers away from Guilin, southwest China's Guangxi Zhuang Autonomous Region. Ancient Chinese geographer Xu Xiake once visited here in 1637.",PDChina,China
"President Xi Jinping will attend the first China-Arab States Summit and China-Gulf Cooperation Council (GCC) summit in Riyadh, Saudi Arabia, and pay a state visit to Saudi Arabia from Dec. 7 to 10 at the invitation of King Salman bin Abdulaziz Al Saud of Saudi Arabia. (file pic)",PDChina,China
"The largest Chinese-made cylindrical floating production, storage and offloading (FPSO) device, built for Shell’s Penguins field, departed from Qingdao, east China's Shandong, on Tuesday for waters of the UK North Sea. It will arrive at the destination in about 55 days.",PDChina,China
": Coupled with temperature plunge, Major Snow, 21st solar term of traditional Chinese lunar calendar, presents itself with frosty sceneries across China. Any idea to ward off winter chill and bore? Try Chinese set: Snowball fight, hotpot, rime ice appreciation & skating",PDChina,China
"Mount Lushan welcomed the first snow of this winter in E China's Jiangxi, adding a touch of white beauty to the mighty peaks, peaceful lakes, mysterious clouds and mist.",PDChina,China
"China successfully sent a new remote sensing satellite, Gaofen-5 01A, into space from the Taiyuan Satellite Launch Center in N China's Shanxi Province on Friday morning.",PDChina,China
"China's new high-altitude and high-speed demonstrator drone ""Liuxing-260"" completed its maiden flight recently. The new drone can help test and verify new technologies including AI, loyal wingman and drone swarm, the aircraft’s maker announced on Thursday.",PDChina,China
"Chinese President Xi Jinping on Thursday met with Egyptian President Abdel Fattah el-Sisi in Riyadh. Xi said is ready to import more quality products from and expand cooperation in investment and financing, joint vaccine production, and aerospace.",PDChina,China
"Chinese President Xi Jinping met with Chairman of 's Sovereignty Council Abdel Fattah Al-Burhan in the Saudi capital Riyadh, and said China supports all parties in Sudan to continue to push for steady political transition through dialogue and consultation.",PDChina,China
"Although these boys in SW China lack soccer gear and equipment, they do have passion, and lots of it!",PDChina,China
"Chinese President Xi Jinping on Thursday met with Palestinian President Mahmoud Abbas in Riyadh, Saudi Arabia, and said China firmly supports the Palestinian people's just cause of restoring their legitimate national rights.",PDChina,China
Freezing winds created unique looking icicles on a bridge over Yunbing Mountain in C China's Hunan.,PDChina,China
"China agrees to list as a destination for group travel, and expand personnel exchanges as well as cultural and people-to-people exchanges, Chinese President Xi Jinping said during his talks with Saudi Crown Prince and Prime Minister Mohammed bin Salman Al Saud.",PDChina,China
"Behold the Danxia landform, which is characterized by spectacular red cliffs, in Guilin, an iconic tourist destination in south China's Guangxi.",PDChina,China
President Xi Jinping has sent a congratulatory letter to the Association of National History of the People's Republic of China on its 30th founding anniversary. (file pic),PDChina,China
"Enjoy the breathtaking scenery of Tianmen Mountain, where the snow-covered mountain and the shrouding mist create a winter wonderland in Zhangjiajie, central China's Hunan Province.",PDChina,China
"China's ownership of motor vehicles came in at 415 million by the end of November, and the number of licensed motor vehicle drivers topped 500 million, data from the Ministry of Public Security showed.",PDChina,China
Simply amazing! Let's enjoy the rarely-seen view of the frost-covered Longji terraced fields in south China's Guangxi Zhuang Autonomous Region.,PDChina,China
"China's easternmost high-speed railway line between Mudanjiang and Jiamusi in northeast China's Heilongjiang Province welcomed its first anniversary of operation on Tuesday. In the past year, 3.5 million passenger trips were handled safely on the 372-kilometer-long railway.",PDChina,China
"China’s urban rail transit network measured 9,357 kilometers in total length as of November 2022, with 285 urban rail transit lines in operation across 52 Chinese cities, according to the Ministry of Transport Wednesday.",PDChina,China
"Enjoy the Winter Fishing of Chagan Lake in Songyuan, NE China's Jilin! As an ancient fishing and hunting method, Chagan Lake Winter Fishing was listed as a national intangible cultural heritage in 2008. According to records, one net can catch over 160,000 kg of fishes at most.",PDChina,China
Chinese scientists have released and reconstructed a dataset containing 39-year (1978–2016) lake ice phenology data of 132 lakes over China's Tibetan Plateau by combining the strengths of both remote sensing and numerical modelling.,PDChina,China
"President Xi Jinping recently wrote back to representatives of Chinese language learners in Saudi Arabia, encouraging Saudi youths to learn Chinese well and make new contributions to strengthening the China-Saudi Arabia and China-Arab friendship.",PDChina,China
"A special freight train carrying 25 cold-chain containers of fresh Lao bananas weighing 500 tons left Vientiane Wed for China's Changsha along China-Laos Railway. It is the 1st ""banana train"" traveling directly to a specific Chinese city since the operation of China-Laos Railway.",PDChina,China
"China's foreign exchange reserves rose to $3.1175 trillion at the end of November, up 2.13% from a month earlier, data from the State Administration of Foreign Exchange showed Wednesday.",PDChina,China
"China is ready to work with Qatar in traditional and renewable energy, and expand bilateral cooperation in finance and investment, Chinese President Xi Jinping said when meeting with Qatari Emir Sheikh Tamim bin Hamad Al Thani.",PDChina,China
"is willing to strengthen the synergy of development strategies with and actively participate in its economic development projects, Chinese President Xi Jinping said Friday while meeting with King of Bahrain Hamad bin Isa Al Khalifa in Riyadh.",PDChina,China
"Chinese President Xi Jinping met with Mauritanian President Mohamed Ould Ghazouani in Riyadh, and said China is willing to work with Mauritania to promote bilateral friendly cooperation to higher levels.",PDChina,China
"Residents in NE China spread dumplings, a household Chinese dish, on fresh snow for longer storage.",PDChina,China
"Chinese President Xi Jinping met with his Comorian counterpart Azali Assoumani on Friday in Riyadh, and said China supports the Comoros in playing a greater role in international and regional affairs.",PDChina,China
"Chinese President Xi Jinping on Friday called on and states of the Gulf Cooperation Council to be partners in promoting unity, development, security, and civilizations, during his speech at the China-GCC summit held in Riyadh, Saudi Arabia.",PDChina,China
"Chinese President Xi Jinping met with Djiboutian President Ismail Omar Guelleh in Riyadh, and said China is willing to coordinate with Djibouti to uphold the common interests of developing countries and international fairness and justice.",PDChina,China
"Chinese President Xi Jinping on Friday hailed the first - Summit as a milestone in their relations, when delivering a speech at the summit in Riyadh, Saudi Arabia.",PDChina,China
"Chinese President Xi Jinping met with Somali President Hassan Sheikh Mohamud on Friday in Riyadh, Saudi Arabia, and said China is ready to provide assistance to the best of its ability for Somalia's reconstruction and social and economic development.",PDChina,China
"President Xi Jinping said on Friday that China will continue supporting 's economic reconstruction and help it restore industries, improve people's livelihood and achieve sustainable development during his talks with Iraqi Prime Minister Mohammed Shia' al-Sudani.",PDChina,China
"Unfrozen river in freezing cold! In winter, the temperature in Ergun of China's Inner Mongolia plunges to -40°C, turning the place into a world of ice & snow, while a river stays clear of ice at a wetland reserve due to the hot spring deep underground, forming a natural wonder.",PDChina,China
China on Friday successfully sent fourteen satellites into the planned orbit via its new carrier rocket Smart Dragon-3 (SD-3) from a launch platform in the Yellow Sea.,PDChina,China
"China firmly supports in pursuing a development path suited to its national conditions, and opposes external interference in Tunisia's internal affairs, President Xi Jinping said Friday while meeting with his Tunisian counterpart, Kais Saied, in the Saudi capital Riyadh.",PDChina,China
"Enjoy the picturesque scenery of Tianzhu Mountain in east China’s Anhui Province. It is famous for lofty peaks, deep caves, oddly-shaped pines, and strangely shaped rocks.",PDChina,China
"Two China-Laos freight trains, each loaded with 25 cold-chain containers of fresh fruits, have recently arrived in SW China's Chengdu and Chongqing respectively. They were the first deliveries of imported fruits via the China-Laos Railway to the two cities.",PDChina,China
"China's third AG600M, an advanced amphibious firefighting aircraft, made its successful maiden flight in Zhuhai, south China’s Guangdong Province, on Friday.",PDChina,China
"The world’s first China-developed large passenger aircraft was delivered to China Eastern Airlines on Friday. With 164 seats and a flying range of 4,075 to 5,555 kilometers, the aircraft registered as B-919A is expected to start passenger service as early as spring 2023.",PDChina,China
"A man from Qiqihar, northeast China's Heilongjiang province, walked in snow forming heart shape footprints to show his love.",PDChina,China
"Neon in the hands: A street performer in Changsha, central China's Hunan, plays rainbow-colored springs with jaw-dropping skills, drawing attention of local residents.",PDChina,China
Cooks from east China's Shandong province add creativity into their daily steamed buns.,PDChina,China
"Retail sales of China's new energy vehicles () came in at about 598,000 units in November, up 58.2% year on year, the China Passenger Car Association said Thursday.",PDChina,China
"China's consumer price index () rose 1.6% YoY in November, while the producer price index () went down 1.3% YoY in the period, the National Bureau of Statistics said Friday.",PDChina,China
"A dreamy world of ice cascades appeared at Jiuru Mountain as temperatures dropped in Jinan, east China's Shandong Province. The waterfalls were seen frozen into crystal-clear icefalls, forming a stunning winter wonderland for appreciation.",PDChina,China
China's first homegrown large passenger aircraft will be delivered to China Eastern Airlines on Friday.,PDChina,China
"The Yanbu Aramco Sinopec Refining Company, China's largest refining project in Saudi Arabia, raked in over $1.4 billion in net profit during the January-November period of this year, the best-ever financial performance, Sinopec said on Thursday.",PDChina,China
"Sulige Gas Field, China's largest onshore gas field, has become the country's first uncompartmentalized gas field with a daily natural gas output of over 100 million cubic meters, which can meet the one-day gas needs of 50 million families, according to PetroChina.",PDChina,China
"The Dubu bridge stands high above the ground and winds its way alongside the mountains in Qingyuan, south China's Guangdong Province.",PDChina,China
Satellites launched by China's new carrier rocket Smart Dragon-3 (SD-3) on Friday have sent back the first series of photos featuring the views of the Earth.,PDChina,China
China works vigorously to advance green transportation,PDChina,China
The mountains in southwest China's Sichuan province are capped with snow and golden sunshine as clouds dance around.,PDChina,China
"China's rail cargo volume reached 3.571 billion tonnes in the first 11 months of this year, 180 million tonnes more than that of the same period last year and expanding 5.2% year on year, according to China Railway Group.",PDChina,China
"The production and sales of China's new energy vehicles () both topped 6 million units in the first 11 months of this year, showed data released by the China Association of Automobile Manufacturers on Friday.",PDChina,China
"China will issue 750 billion yuan (about $108 billion) worth of three-year special treasury bonds to bolster its economy, the finance ministry said Friday. The notes will be issued on December 12, and will be targeted and issued to particular banks in the interbank bond market.",PDChina,China
"China is willing to work with in deepening cooperation and encourage capable Chinese enterprises to participate in Lebanon's economic and social development, President Xi Jinping said Friday when meeting with Lebanese Prime Minister Najib Mikati.",PDChina,China
Mount Siguniang in southwest China's Sichuan Province takes on a more stunning and serene look when covered with snow.,PDChina,China
"""What happened to my world?"" A kitten in north China's Inner Mongolia Autonomous Region makes its first-ever adventure into the snow. See how the cutie braves it out.",PDChina,China
"China had about 4.95 million charging facilities for electric vehicles by the end of November, up 107.5% from the same period last year, industrial data showed. Some 2.33 million charging points were added from January to November this year.",PDChina,China
"China-Europe freight train services handled 15,162 trips in the first 11 months of the year, up 10% YoY. More than 1.47 million TEUs of goods were transported during the period, an increase of 11% YoY, official data showed on Saturday.",PDChina,China
A man in east China's Shandong easily transports hundreds of eggs at a time with a casual slide.,PDChina,China
"Red leaves in their prime time embellish and light up the winter landscape of the Wuxia Gorge, one of the Three Gorges on the Yangtze River, southwest China's Chongqing.",PDChina,China
"Using the Five-hundred-meter Aperture Spherical Radio Telescope (), or the ""China Sky Eye,"" Chinese scientists revealed the unprecedented details of the Galactic interstellar medium.",PDChina,China
"A flight carrying about 170 passengers landed at Tianjin Binhai International Airport on Sat, marking the official opening of the direct flight between Serbia's Belgrade and north China's Tianjin. Flights operated by Serbia's national carrier Air Serbia, will run once a week.",PDChina,China
"A China-made self-driving bus has recently completed its trial run and is ready to start official operations with passengers in Paris, France.",PDChina,China
Big sister has your back! A young girl in S China stopped a forklift passing in front of her home and made sure her younger siblings were out of the way.,PDChina,China
"In NW China, a bird got stuck with its feet frozen on a metal railing. Luckily, a kind passerby set it free!",PDChina,China
"As temperatures continue to drop, over 80 spotted seals have migrated south to the Liaodong Bay area in NE China, which is the southernmost of the eight breeding areas for spotted seals in the world.",PDChina,China
"Chinese Premier Li Keqiang addressed the third China-Republic of Korea Entrepreneurs and Former High-level Officials Dialogue via video link on Monday, calling on the two countries to jointly safeguard industrial and supply chains.",PDChina,China
"Mother Nature created an amazing landscape of trees at the estuary of the Yellow River in Dongying, E China’s Shandong.",PDChina,China
"China on Monday launched two satellites, Shiyan-20A and Shiyan-20B, into preset orbit from the Jiuquan Satellite Launch Center.",PDChina,China
"China will stop operating its digital travel code service on December 13, according to a statement released by the code's official account on Monday.",PDChina,China
"Huangpu Avenue Tunnel is known as the most beautiful tunnel in Guangzhou, south China's Guangdong Province, for its open square windows on the top, surrounded by green plants.",PDChina,China
"The first China-Europe freight train launched from China's Beijing-Tianjin-Hebei Region for the Czech Republic on Monday departed from Shijiazhuang, north China's Hebei. The train loaded with 100 TEUs of cargo is bound for Prague, the capital of the Czech Republic.",PDChina,China
"The continuous drop in temperature unlocks the breathtaking winter beauty of Hukou Waterfall, where water cascades under a stunning rainbow and between rocks covered by thick ice in eye-catching shapes, on the border area between N China's Shanxi and NW China's Shaanxi provinces.",PDChina,China
A road cuts through a prairie where horses graze serenely in the Xiannvshan National Forest Park in southwest China's Chongqing. The trees on the prairie have been clad in silver white since frozen droplets came into being.,PDChina,China
"The daily natural gas output of Tarim oilfield in NW China, a major part of the country's west-to-east gas transmission project, has topped 100 mln cubic meters. The oilfield has produced over 30.3 bln cubic meters of natural gas this year, up more than 360 mln cubic meters YoY.",PDChina,China
"China's South-to-North Water Diversion Project has transferred over 58.6 billion m3 of water from major rivers in the south to the drought-prone north and directly benefited over 150 million people, since the first phase of the project started full operation 8 years ago.",PDChina,China
"At your beck and call: A girl in Yibin, SW China's Sichuan Province, raises a young bull who seems to understand her language.",PDChina,China
"With the 228-meter-wide waterfall, Tingyin Lake is a getaway for you to relax the mind in Foshan, south China's Guangdong Province.",PDChina,China
"A Chinese man from Xilin Gol, north China's Inner Mongolia Autonomous Region made a fish tank with an ice cube. See how he did his job.",PDChina,China
"China's grain output this year hit a record high at 1.37 tln jin (about 686.5 bln kg), up 0.5% YoY. It is the 8th consecutive year that the output exceeds 1.3 tln jin, the National Bureau of Statistics said on Monday.",PDChina,China
"A freight train loaded with 265 tonnes of raw sugar from India left South China's Qinzhou Sun. and will arrive in Lanzhou of NW China's Gansu in 5 days, marking the launch of the 1st rail-sea freight train linking Mumbai, Qinzhou and Lanzhou on New Int'l Land-Sea Trade Corridor.",PDChina,China
"Follow the drone to explore the picturesque scenery of Yandang Mountain in Wenzhou, east China's Zhejiang province.",PDChina,China
"Three gentoo bred in Guangzhou, south China's Guangdong Province, celebrated their first one-month birthday on December 8. The penguins weigh 2.5 kg each and are now in good condition.",PDChina,China
The Chongqing section of Chengdu-Dazhou-Wanzhou high-speed railway started construction Sunday in southwest China's Chongqing. The railway measures 477km in length and has a design speed of 350 km/h.,PDChina,China
"China's installed capacity of power batteries for new energy vehicles () rose by 64.5% year on year to 34.3 gigawatt-hours (GWh) in November, data from the China Association of Automobile Manufacturers showed.",PDChina,China
Driving challenge: A 453-meter zigzag mountain road with 18 turns at Lingpaishi Village in SW China's Chongqing.,PDChina,China
Ice jams occurred in a section of the Yellow River during the early winter as China's second-longest river begins to freeze over.,PDChina,China
"A leopard cat, a first-class protected species in China, was recently recorded in Xianyang, NW China's Shaanxi. The creature lost its captured lunch.",PDChina,China
"The breathtaking view of Chishan Lake National Wetland Park shows birds resting during the winter. The park, which is home to E China's largest pond cypress forest, is a paradise for the birds.",PDChina,China
"A woman surnamed Fang, a former “comfort woman” forced into sexual slavery by Japanese invaders, passed away on Tuesday in China’s Hunan Province, aged 101, according to the Memorial Hall of the Victims of the Nanjing Massacre by Japanese Invaders.",PDChina,China
"The Zhongwei-Lanzhou section of the Yinchuan-Lanzhou high-speed railway in northwest China has completed a full-course test run, according to China Railway Lanzhou Group on Monday. The 219-km section has a design speed of 250 km/h.",PDChina,China
"Breathtaking mountain scenery of Luoping County in Qujing, southwest China's Yunnan Province.",PDChina,China
"The 1900th ""Qilu"" China-Europe freight train trip this year was launched on Monday from Jinan, east China's Shandong Province for Moscow and St. Petersburg in Russia. The train is expected to arrive in the destination in 12 days.",PDChina,China
Be careful when driving! A hanging road carved into parts of the mountain snakes through the cliff of Taihang Mountains in north China's Shanxi Province.,PDChina,China
"A China independently developed robot has successfully carried out a knee replacement surgery, the first commercial use of a China-made robot for human surgery.",PDChina,China
"The first batch of images taken by China's Advanced Space-based Solar Observatory (ASO-S), nicknamed Kuafu-1, was released on Tuesday in Beijing.",PDChina,China
"The mysterious underground fire is said to have been burning for 60 years in southwest China’s Chongqing, regardless of rain or wind.",PDChina,China
Take a bird's-eye view of the spectacular Jingyue Yangtze River Bridge linking Hubei Province and Hunan Province in central China.,PDChina,China
"Built with bricks and stones in the 1970s, a double-layered aqueduct with 11 arches is now used as a pedestrian bridge in Yongchuan, southwest China's Chongqing.",PDChina,China
"A national memorial ceremony was held Tuesday in Nanjing, east China's Jiangsu Province, to mourn the 300,000 victims of the .",PDChina,China
"China's new yuan-denominated loans totaled 1.21 trillion yuan (about $174 billion) in November, decreased by 59.6 billion yuan from the same period last year, central bank data showed Monday.",PDChina,China
"The beautiful scenery of Huayan Temple, highlighted by two towering pagodas, in Xi'an, northwest China's Shaanxi Province, takes you back in time to experience the brilliance of culture and history of the Liao Dynasty (907-1125).",PDChina,China
"Archaeologists have found a cluster of grain barns dating back more than 6,000 years in China's Henan Province. The foundations of 16 grain barns have been excavated in the Huangshan ruins in the city of Nanyang, and traced back to the mid-late period of the Yangshao culture.",PDChina,China
"China successfully sent a new remote sensing satellite, Yaogan-36, into space from the Xichang Satellite Launch Center in Sichuan Province on Thursday morning.",PDChina,China
Can you imagine how much snow is there in NW China? Just look at how the snow truck clears the road!,PDChina,China
"The frozen river looks like a white Chinese dragon winding through the estuary in Dalian, NE China's Liaoning.",PDChina,China
Chinese President Xi Jinping on Wednesday delivered a written speech at the opening ceremony of the 15th China-Latin America Entrepreneurs Summit.,PDChina,China
"Always check your tires! A tire came loose from a truck on the highway and slammed into a car in the opposite lane in Hangzhou, E China's Zhejiang.",PDChina,China
"Have you ever tried Tanghulu? This Chinese snack, made with fruits coated in crunchy sugar, is especially popular in winter. Check out how long they can be in NE China!",PDChina,China
"China has stopped publishing data reflecting the number of asymptomatic carriers of the novel coronavirus starting from Wednesday, according to an official with the Chinese CDC.",PDChina,China
"A road snakes its way up a mountain in Fangxian County, central China's Hubei Province. The road is famous for its ten hairpin turns along the way.",PDChina,China
"New space life begins! China's crew has been busy working in orbit to get off to a good start for their 6-month stay in the space station. The trio is set to complete a series of tasks, including installing & testing 15 scientific experiment cabinets.",PDChina,China
China's central bank will issue 5 billion yuan (about $718.29 million) worth of bills in Hong Kong on December 20. The bills will mature in six months.,PDChina,China
"China will offer a second booster dose to certain groups who had received their first booster shot over 6 months, including people with a high risk of infection, elderly aged over 60 years old, people with serious underlying health conditions and those with low immunity.",PDChina,China
"China invested a record 1.0085 trillion yuan (about $144.93 billion) in water conservancy facilities from January to November this year, up 33% from the 2021 figure, according to the Ministry of Water Resources.",PDChina,China
"'s Farah province distributed a batch of China-donated humanitarian aid Sunday to needy families in the provincial capital Farah city. The assistance includes 200 tents, 200 plastic buckets, 1,500 blankets, 3,400 sacks of rice, toothpastes, brushes and tarpaulin.",PDChina,China
"A kingfisher seems to be quite satisfied with its meal, as it burps after eating the fish at Xuanwu Lake Park in Nanjing, east China's Jiangsu Province.",PDChina,China
"Since starting operation 5 years ago, China’s largest-of-its-kind 150-MW floating solar farm installed over a water-filled coal pit in Huainan, E China’s Anhui, had generated over 840 million kWh of clean electricity and reduced CO2 emissions by 730,000 tonnes by early December.",PDChina,China
This is how hydroponic lettuce is harvested and transported at a highly automated farming base in China.,PDChina,China
"China's space tracking ship Yuanwang-7 returned to its home port in east China's Jiangsu on Tuesday after completing a 55-day voyage. The ship traveled 14,000 nautical miles during this voyage.",PDChina,China
"China will conduct military drills in the northern waters of the Bohai Sea from 5am to 7pm on Wednesday. Entry will be prohibited, said Huludao Maritime Safety Administration. (file pic)",PDChina,China
Photos taken by China's astronauts reveal the magnificence of the Earth.,PDChina,China
A little “fairy” is seen enjoying its fruit feast on a branch in C China’s Henan.,PDChina,China
Residents witnessed a bolide streaking across the night sky over Hangzhou in E China's Zhejiang on Thursday. Expert said it could be a meteorite.,PDChina,China
The Geminid reached its annual peak on December 14. Check out the shooting stars in the night sky seen across China. The Geminid meteor shower produces approximately 100-150 meteors per hour during peak activity and ultimate weather conditions.,PDChina,China
"Footage captured the lively activities of four Asian Black Bears in Changqing National Nature Reserve, NW China's Shaanxi. The bear is a second-class protected animal in China and usually lives in solitude, so it's rare to see them in a group.",PDChina,China
"Winds and colder temperatures created a unique winter scene on Bosten Lake, China's largest inland freshwater lake. The ice looks like the scales of a Chinese dragon.",PDChina,China
"Do you know how Xuan paper is made? Xuan paper, which is ideal material for calligraphy and painting, has over 1,000 years of history in Jing County, E China's , and is one of China's Four Treasures of Study.",PDChina,China
The first China-Laos freight train linking Zigong in southwest China's Sichuan Province and the Lao capital Vientiane was launched in Zigong on Thursday. The train loaded with 25 TEUs of cargo is expected to arrive in Vientiane in 4 days.,PDChina,China
"China has developed its largest-yet main bearing for super-sized shield tunneling machines. The main bearing, with a diameter of 8 meters and a weight of 41 tonnes, will be installed in a shield tunneling machine with a diameter of 16 meters.",PDChina,China
"China's electricity consumption, a key barometer of economic activity, increased 3.5% year on year to more than 7.85 trillion kilowatt-hours in the first 11 months of the year, according to the National Energy Administration on Thursday.",PDChina,China
Sweeter than cotton candy! A heart melting moment is captured in east China’s Zhejiang as a little girl who shares her cotton candy on a motorbike breaks into a smile that instantly lights up the world.,PDChina,China
"China's power generation increased by 2.1% year on year to reach 7.6 trillion kilowatt-hours in the January-November period of 2022, data from the National Bureau of Statistics (NBS) showed Thursday.",PDChina,China
"A 5.9-magnitude earthquake jolted the waters off Taiwan's Hualien County at 12:03 Thursday, according to the China Earthquake Networks Center (CENC).",PDChina,China
Quacky and squeaky: A creative father in southwest China's Guizhou made a duck-shaped wooden stroller for his baby.,PDChina,China
"The 24th Harbin Ice and Snow World, a renowned seasonal theme park opening every winter, is under construction in NE China's Heilongjiang.",PDChina,China
"China's economic performance in the first 11 months of this year, according to the National Bureau of Statistics on Thursday: - Fixed-asset investment exceeded 52 trillion yuan (about $7.47 trillion), up 5.3% YoY - Average surveyed urban unemployment rate stood at 5.6%",PDChina,China
"China's economic performance in November, according to the National Bureau of Statistics on Thursday: - Value-added industrial output grew by 2.2% YoY - Retail sales of consumer goods topped 3.86 trillion yuan (about $554.85 billion), down 5.9% YoY",PDChina,China
"A 6.5-km section of the first smart rail-transit line in NW China is undergoing joint debugging in Shaanxi. Running on the smart line are trains with a length of 30m, a weight of 36 tonnes, a max carrying capacity of 283 people and an average traveling speed between 25 & 30 km/h.",PDChina,China
"Living fossil! A precious thousand-year-old Chinese yew (Taxus chinensis) was recently discovered in Bijie, southwest China’s Guizhou Province. The ancient tree growing out of a cracked rock has a diameter of around 0.5 meters at breast height and a height of some 13 meters.",PDChina,China
"China's first freight wagon designated for the China-Laos Railway was delivered Wednesday in Meishan, southwest China's Sichuan Province. The first batch of 300 freight wagons will roll off the production line this month and be transported via China-Laos Railway.",PDChina,China
"Mile-Mengzi high-speed railway in Honghe Hani and Yi Autonomous Prefecture, SW China's Yunnan Province, on Wednesday completed a trial run and is about to start operation. The 107-km railway has a design speed of 250 km/h.",PDChina,China
Look carefully and you will see flying across the star trails in the night sky over N China's Inner Mongolia.,PDChina,China
An endangered corsac fox was photographed on the vast snowy plains of N China’s Inner Mongolia.,PDChina,China
"Looking for a scenic road in China? This road in Leshan, SW China's Sichuan, will have you cruising through a beautiful valley along a river.",PDChina,China
"The coming Spring Festival travel rush in China is expected to recover to 90% of the passenger flow of pre-pandemic 2019, with about 360 million railway passenger trips made and the average daily number of train trips reaching about 9 million, China Railway said on Friday.",PDChina,China
"Dubbed ""Icy City of China,"" Harbin, capital of NE China's Heilongjiang Province, will never disappoint visitors in the winter!",PDChina,China
"Ice, forming on the surface of Sayram Lake in NW China, waved with the wind under the golden sunshine.",PDChina,China
"China's reserve base of liquefied natural gas (), located in Yancheng, E China's Jiangsu, officially started supplying gas on Friday, according to the operator. About 2.41 million cubic meters of natural gas were transported by pipeline on the first day.",PDChina,China
Mind-blowing design! Well-constructed buildings are seen perched safely on Huashan Mountain despite the steep peaks in northwest China's Shaanxi Province.,PDChina,China
"China had approved 106 major projects with a total investment of about 1.5 trillion yuan (about $214.9 billion) in the first 11 months of this year, in its bid to expand effective investment, China's top economic planner said on Friday.",PDChina,China
"Nature never ceases to amaze us! Let's enjoy the intoxicating scenery in Pingwu County of Mianyang City, southwest China's Sichuan Province.",PDChina,China
China on Friday sent the satellite Shiyan-21 into preset orbit via a Long March-11 rocket from the Xichang Satellite Launch Center in southwest China. The satellite will be used for in-orbit verification of new space technologies.,PDChina,China
"A procurement contract was signed on Thursday to purchase five China's homegrown amphibious aircraft, marking a major step in the aircraft's commercialization.",PDChina,China
"At present, 90% of mobile phones in China and 50% of those in the world can receive signals from China's BeiDou Navigation Satellite System (BDS), said the deputy chief designer of the system on Thursday, adding BDS-related products have entered over 120 countries and regions.",PDChina,China
"The blue sky, white clouds, and metasequoia forests are reflected in the mirror-like water, presenting a picturesque scene in Dianwei Village of Kunming City, southwest China's Yunnan Province.",PDChina,China
"China's first nuclear heating project for industrial heating started operation Thursday in Haiyan county, east China’s Zhejiang. The project is able to deliver some 288,000 GJ of industrial heat annually while cutting CO2 emissions by about 24,000 tonnes.",PDChina,China
"Mile-Mengzi high-speed railway in Honghe Hani and Yi Autonomous Prefecture, SW China's Yunnan Province, kicked off operation on Friday. The 106-km railway has a design speed of 250 km/h.",PDChina,China
The Renhuai-Zunyi Expressway in southwest China's Guizhou Province opened to traffic on Thursday. The expressway cuts the travel time between the urban area of Zunyi and Renhuai from 1.5 hours to 30 minutes.,PDChina,China
"Track-laying ceremony of the Shandong section of Jinan-Zhengzhou high-speed railway was held on Thursday in Liaocheng, east China's Shandong Province. The 168.4-km section is expected to open to traffic in December, 2023, with a design speed of 350kph.",PDChina,China
"As of the end of November, Fuling, China's largest shale gas field, has produced over 53 billion cubic meters of shale gas over the past decade since it was discovered in 2012.",PDChina,China
"While most regions in China are embracing cold winter, you can still get immersed in the summer scenery in Yangshuo County, south China's Guangxi.",PDChina,China
"'s GDP is expected to exceed 120 trillion yuan ($17.21 trillion) this year, according to Han Wenxiu, the official with the Central Committee for Financial and Economic Affairs, on Saturday.",PDChina,China
"Chinese car manufacturers exported 329,000 cars in November, expanding 64.8% YoY, data from the China Association of Automobile Manufacturers showed. A total of 2.79 million cars were exported in the first 11 months of the year, representing a 55.3% YoY growth.",PDChina,China
"Braving waves and tides! China's first domestically built aircraft carrier, the Shandong, has been commissioned for three years on December 17.",PDChina,China
"Go for a drive on Nan'ao cross-sea bridge in Shantou, south China's Guangdong Province. A splendid seascape accompanied by the gentle sea breeze will surely get the drivers refreshed during the 11.08-km journey.",PDChina,China
"China's meteorological authority on Saturday renewed its blue alert for a cold wave. From Saturday to Sunday, temperatures are expected to plunge by 6 to 8 degrees Celsius in parts of southern China.",PDChina,China
China recently released its first national five-year plan on modern logistics to accelerate building a smart and green logistics system by 2025. The modern logistics system will feature supply-demand adaptation and domestic and external connectivity.,PDChina,China
Cliff-hugging B&Bs make Wangxian Valley a rare treat for tourists in east China. Do you wanna try?,PDChina,China
"East China's Suzhou Museum is a comprehensive museum featuring ancient buildings, modern elements, and innovative landscape gardens. It houses 24,729 pieces of cultural relics in total.",PDChina,China
"China's installed power generation capacity reached about 2.51 bln kW by the end of Nov, up 8.1% YoY. In a breakdown, the installed capacity of wind power jumped 15.1% YoY to 350 mln kW and that of solar power rose 29.4% YoY to 370 mln kW: National Energy Administration, Friday",PDChina,China
"Time is engraved in the ridges and ravines of the Loess Plateau in northern China, which shows the magnificence of nature.",PDChina,China
"Shanghai puts more new energy buses into practical service. Lingang new area in east China's has 66 units of fuel cell-powered public buses running on the roads, with another 52 units expected to kick off their official service before the end of this year.",PDChina,China
China held annual Central Economic Work Conference from Thursday to Friday to plan for 2023. The meeting demanded making economic stability a top priority and pursuing steady progress while ensuring economic stability for the next year.,PDChina,China
A giant “carp” is spotted in the Yarlung Zangbo River in southwest China’s Tibet. The rare sight comes as the riverbed bares in the low-water season.,PDChina,China
"A thrilling way to shepherd! A woman in Aba Tibetan and Qiang Autonomous Prefecture, southwest China's Sichuan Province, has the guts to herd sheep on a precipitous cliff.",PDChina,China
"China’s first turbofan regional passenger jetliner, ARJ21, was delivered to its first oversea buyer TransNusa Airlines on Sunday. The aircraft with customized decorations and layout has 95 seats in the economy class.",PDChina,China
"A China-built large liquefied natural gas (LNG) carrier has been delivered in east China’s Shanghai and will serve on a China-US LNG transport route. The vessel, Wudang, measures 295 meters in length and 45 meters in width and can carry 174,000 cubic meters of LNG.",PDChina,China
"A mother from Jining, east China's Shandong province, made dresses for her daughter out of leaves and staged a fashion show at home.",PDChina,China
"China's largest soybean-producing province, Heilongjiang, yielded a record-setting 9.54 billion kilograms of soybeans this year, up 32.6 percent year on year and accounting for 47 percent of the country's total soybean output.",PDChina,China
"China will conduct military tasks in designated waters of the Bohai Strait and the north Yellow Sea from 16:00 on December 18 to 16:00 on December 25. Entry will be prohibited, said Dalian Maritime Safety Administration. (file pic)",PDChina,China
"An Autonomous Rail Rapid Transit Train (ART) made its public debut and started a trial run Friday in Xianyang, northwest China’s Shaanxi. With a maximum capacity of 300 passengers and a minimum turning radius of 15 m, the train can run more than 70 km on a single charge.",PDChina,China
"China's mega power station, the 16-gigawatt hydropower plant, is set to enter full operation and generate green electricity on Dec. 20. With 16 of the world's largest hydropower generating units, the station can generate 62,400 gigawatt-hours of electricity a year.",PDChina,China
"Close-up view of mushrooms growing out after rainfall at Daweishan National Nature Reserve in Pingbian, SW China's Yunnan.",PDChina,China
Cute Penguins are seen at the Harbin Ice-Snow World in NE China's Heilongjiang Province.,PDChina,China
"China and Russia will hold joint naval exercise ""Naval Interaction-2022"" from Dec. 21 to 27 in the East China Sea: Russian Defense Ministry",PDChina,China
"40-meter long and 7-meter high, this massive snow sculpture in Harbin, NE China's Heilongjiang, took ten people eight days to finish!",PDChina,China
"Chinese President Xi Jinping on Monday sent a congratulatory letter to the fifth Arabic Arts Festival, which opened in Jingdezhen, east China's Jiangxi Province.",PDChina,China
"Chinese President Xi Jinping has stressed writing a new chapter in the practice of China's Constitution in the new era, as the country marks the 40th anniversary of the enactment of its current Constitution this year.",PDChina,China
"A special way to eat pears! In northeast China, the cold temperature and heavy snow provide ideal conditions for making frozen pears that taste super juicy and sweet. Do you want to have a try?",PDChina,China
"The sun casts a mesmerizing glow on the sea of clouds and snow-covered Huangshan Mountain, a UNESCO world heritage site in east China's Anhui Province, presenting a majestic view.",PDChina,China
"Xiao Yaqing, former minister of industry and information technology, has been expelled from the CPC due to severe violations of laws and disciplines, said China's top anti-graft body on Monday.",PDChina,China
"The 1st phase of a 1.2-million-tonne hydrogen metallurgy demonstration project, the world's first of its kind in hydrogen energy development and utilization, was completed in north China's Hebei on Friday. The project's 1st phase can cut CO2 emissions by 800,000 tonnes annually.",PDChina,China
"Stretching across the valley, the award-winning Pingtang Bridge, a major connection on the Pingtang-Luodian Expressway, greatly boosts local transportation in southwest China's Guizhou.",PDChina,China
"A batch of goods arrived at Qinhuangdao Port by train from Shijiazhuang, north China's Hebei, on Sunday. The shipment will head to Incheon, South Korea, via sea transport on Tuesday, marking the opening of a new multi-modal transport route connecting China with South Korea.",PDChina,China
"China's coal output totaled 4.09 billion tonnes in the first 11 months of this year, up 9.7% year on year and hitting a new record high, according to data released by the National Energy Administration.",PDChina,China
"Riding on a self-made wooden bull-shaped vehicle, a couple from east China’s Zhejiang grabs much attention on each outing.",PDChina,China
"If winter comes, can spring be far behind? The cole flowers in Longnan, northwest China's Gansu province, began to bloom recently.",PDChina,China
"China's transport authority has required efforts to resume the regular operation of public transport services, including allowing passengers to travel to other regions without negative nucleic acid test results, health code, test upon arrival, or information registration.",PDChina,China
"Enjoy China's extreme molten ""iron flower"" fireworks show. A ""datiehua"" folk art display, which literally means to ""beat the iron flower"", involves splashing molten metal to create sparkling streaks of light.",PDChina,China
"China's first deep-water scientific research wharf was put into use Sunday in Guangzhou, south China's Guangdong. Having 5 berths for research ships, the highly flood-resistant wharf provides services like backup and replenishment, command and dispatch, repair and maintenance.",PDChina,China
"China's tracking ship Yuanwang-3 departed from a port Sunday for new spacecraft monitoring missions. This year, the ship has spent more than 120 days at sea, sailing over 33,000 nautical miles, and completed 4 monitoring tasks, incl. the one for Shenzhou-14 manned spaceflight.",PDChina,China
"""Frost flowers,"" flower-shaped ice crystals, cover the surface of Songhua River in NE China's Heilongjiang.",PDChina,China
"China's daily output of antigen test kits has hit around 60 million units, as the country steps up output of anti- medical supplies, officials said on Tuesday.",PDChina,China
In pics: Waterfalls freeze into crystal-clear icefalls across China.,PDChina,China
"Ready for scenic mountain driving? A 4.4-km-long, 800-m-high mountain road winds along a cliff in Enshi, C China's Hubei.",PDChina,China
Thumbs up to the workers who quickly and efficiently clear the heavy snow in N China's Inner Mongolia.,PDChina,China
China's Special Administrative Region on Tuesday marked the 23rd anniversary of its return to the motherland.,PDChina,China
"Almost otherworldly! The Mount Longtoushan Scenic Area in Hanzhong, northwest China's Shaanxi Province, offers you a great place to admire snow.",PDChina,China
"The world's first 3,200-tonne-level jack-up wind turbine installation vessel for Belgium was delivered Tuesday in Qidong, east China's Jiangsu Province. The main crane of the vessel has a max lift height of 325 meters and a payload of over 16,000 tonnes.",PDChina,China
"China has allowed a further 6 cities -- Shenyang, Nanjing, Hangzhou, Wuhan, Guangzhou and Chengdu -- to launch comprehensive pilot programs for opening up the service sector. The cities can carry out the pilot programs for a period of three years, according to the State Council.",PDChina,China
"authorities have distributed China-donated humanitarian aid to 400 needy families in the western Nimroz province, the provincial director for refugees and repatriation affairs said Monday. The aid package includes non-edible and edible items including rice and wheat.",PDChina,China
"Activate your taste buds with an oyster omelet, the must-try street food in Zhangzhou City, southeast China's Fujian Province.",PDChina,China
Check out how to enjoy cozy fishing in ice-cold winter in northeast China’s Heilongjiang Province.,PDChina,China
This creative chef from north China's Inner Mongolia Autonomous Region made a bouquet of roses out of cucumbers.,PDChina,China
"Enjoy the landscape of strange peaks, rocks and sea of clouds in Zhangjiajie, central China's Hunan province.",PDChina,China
"A total of 5,018 artificial nests and 16 landing racks for eagles have been installed on electric towers in the Sanjiangyuan area in NW China's Qinghai since 2016. Observation data shows that these artificial installations have attracted 2,300 nesting birds.",PDChina,China
"A relic site dating back to the late Paleolithic period has been discovered near the Mulanxi River in Putian, SE China's Fujian, said the municipal culture and tourism bureau, adding that the discovery shows that the area started to see human activity at least 20,000 years ago.",PDChina,China
"Warm sunlight, red leaves, rippling lake water and tour boats gliding by form an oil painting-like scenery at the West Lake in China during the winter season.",PDChina,China
"A “Qilu” China-Europe freight train carrying 82 TEUs of goods worth some 12 million yuan (about $1.72 million) left E China’s Shandong for Slovenia on Sun, marking the launch of a new route traveling across both the Caspian Sea and Black Sea via the train’s southern corridor.",PDChina,China
"China-Africa Development Fund, an equity investment fund managed by China Development Bank, has invested more than 5 billion U.S. dollars in African countries, the fund said.",PDChina,China
"After the tide ebbed, a stunning ""landscape of trees"" was formed along the Yangtze River in E China's Jiangsu.",PDChina,China
"Chengdu, capital of SW China’s Sichuan, has been selected as the happiest city in China for 2022, with Hangzhou and Ningbo in Zhejiang Province following behind. What’s your favorite city of China?",PDChina,China
Giant wind turbines spin among flowing clouds at sunset in SE China's Fujian.,PDChina,China
"Welcome! Thousands of red-billed gulls from Siberia gather around Dianchi Lake in Kunming, SW China, to escape the brunt of winter.",PDChina,China
"The floating bridge stretching about 400 meters at a scenic spot in Enshi Tujia and Miao Autonomous Prefecture, central China's Hubei, is a popular tourist site for people to enjoy surrounding natural beauty.",PDChina,China
"Xi Jinping, general secretary of the Communist Party of China (CPC) Central Committee and Chinese president, on Wednesday met with Chairman of the United Russia party Dmitry Medvedev, who visited China at the invitation of the CPC.",PDChina,China
"Spanning 12.89 km across the Pearl River estuary, the Nansha Bridge is a passage of great magnitude in south China's Guangdong Province. It is China's first super-large bridge with a 5G network.",PDChina,China
"The blossoming silk floss trees are like pink clouds, decorating the park with vivid hue in Shenzhen, south China's Guangdong Province.",PDChina,China
China Coast Guard 2502 fleet conducted a patrol in territorial waters off the Diaoyu Islands on Wednesday. (file pic),PDChina,China
"Applause for this super dad! A man from Puyang, central China's Henan province, made a toy car for his child from used tire.",PDChina,China
"Dazhai Village in south China's Guangxi Zhuang Autonomous Region and Jingzhu Village in southwest China's Chongqing have been named among the Best Tourism Villages of 2022 by the World Tourism Organization (UNWTO), China's Ministry of Culture and Tourism revealed on Tuesday.",PDChina,China
"The 1st int'l commercial cargo flight using China-produced bio-jet fuel successfully completed its 12-h maiden flight from E China's Hangzhou to Belgium, the fuel producer said on Mon. This sustainable aviation fuel cuts CO2 emissions by more than half over its whole life cycle.",PDChina,China
"Have you ever seen a football made of ice? A man from Tonghua, northeast China's Jilin Province, carves ice sculptures, such as football and rabbit.",PDChina,China
"China's fiscal revenue amounted to approximately 18.55 trillion yuan (about $2.66 trillion) during the first 11 months of 2022, down 3% YoY, according to the Ministry of Finance. Excluding the impact of value-added tax credit refunds, fiscal revenue grew 6.1% YoY.",PDChina,China
"Law enforcement authorities from China, Laos, Myanmar and Thailand joined forces Tuesday for the 124th Mekong River joint patrol. During the patrol, the four countries will continue to focus on cross-border crime crackdowns to ensure safety and stability along the river.",PDChina,China
In pics: Scenery of Yulong Snow Mountain in SW China’s Yunnan wreathed in clouds and mist.,PDChina,China
"Shrouded by clouds, a train crossed a bridge over the Jialing River in SW China's Chongqing, giving passengers a unique travel experience.",PDChina,China
"The 17th round of China-India Corps Commander Level Meeting was held on the Chinese side of the Moldo-Chushul border meeting point, with the two sides agreeing to maintain the security and stability on the ground in the Western Sector: China's Ministry of National Defense.",PDChina,China
"Welcome home, Ya Ya and Le Le! Two pandas, on loan to the US for 20 years, will be sent back to China in the next few months, the Memphis Zoo announced, amid wide public concern over their well-being.",PDChina,China
A quick-thinking boy in China saved his grandma who was hanging from the roof after her ladder fell.,PDChina,China
Behold the rare sight of sunlight capping the snowy Meili Snow Mountain in southwest China's Yunnan Province.,PDChina,China
"China's first subway train equipped with a 120 km/h permanent magnet traction system rolled off the production line Wednesday in Zhuzhou, C China's Hunan. The six-car, Type B train-set with a maximum capacity of 2,032 passengers will run on a metro line in E China's Jiangsu.",PDChina,China
"Warm sunshine, clear sky and spectacular snow mountains mirrored in the lake form the stunning scenery of Dali, southwest China's Yunnan Province.",PDChina,China
"The Chinese and Russian navies kicked off the weeklong ""Joint Sea 2022"" naval exercise in the waters of the East China Sea Wednesday.",PDChina,China
Ancient terraces in E China included on World Heritage Irrigation Structures List,PDChina,China
Swirl and twirl: A man in southwest China's Yunnan can rotate his eyes at an incredible speed!,PDChina,China
"What a thrilling yet captivating experience it is to walk on the plank road built along the steep cliffs while at the same time enjoying the magnificent scenery at Chuanyan Nineteen Peaks Scenic Area in Shaoxing, east China's Zhejiang Province!",PDChina,China
China's first domestically-made S-300C helicopter was delivered to its buyer on Tuesday. The 1-tonne-class light multipurpose helicopter is mainly used for pilot training and low-altitude sightseeing.,PDChina,China
"Daqing Oilfield, China's largest onshore oilfield, has produced over 10.26 million tonnes of crude oil via the tertiary oil recovery technology in the first 11 months this year, hitting a record high, according to Daqing Oilfield.",PDChina,China
"Winter has brought fascinating scenery to Baoquan Scenic Spot in central China's Henan Province, where the ice cascade generates a spectacular frozen landscape, turning the scenic spot into a fairyland.",PDChina,China
"China's central bank will issue a set of commemorative coins starting on Thursday to celebrate the upcoming new year. The set includes one gold coin, one silver coin, and one two-color copper alloy coin.",PDChina,China
"From January to November, the revenue of China's postal sector expanded 5.6% year on year to stand at roughly 1.23 trillion yuan (about $176.6 billion), data from the State Post Bureau showed on Wednesday.",PDChina,China
"China's Consulate General in Bandar Abbas was officially opened on Wednesday in the capital of Hormuzgan Province, marking the establishment of China's first consulate general in .",PDChina,China
"Follow the drone to explore Lijiang Ancient Town in southwest China's Yunnan Province, an iconic tourist site featuring a vast range of time-honored traditional buildings.",PDChina,China
"Giant panda Xiang Xiang is scheduled to be returned to China from Japan on February 21, 2023, TBS reported Friday citing Tokyo Governor Yuriko Koike. The return of Xiang Xiang has been postponed four times due to the COVID-19 pandemic.",PDChina,China
"The most beautiful peacock is here! A Chinese mother from Jiuquan, northwest China's Gansu province, turns vegetable into an artwork.",PDChina,China
"As of Thursday, China's national carbon market, also the world’s largest, saw its total turnover exceeding 10 billion yuan (about $1.43 billion) and reported a trading volume of 223 million tonnes since it started operation last July: Shanghai Environment and Energy Exchange",PDChina,China
"China decided to take countermeasures and sanction two individuals -- Miles Maochun Yu and Todd Stein -- in response to the U.S. sanctions against two Chinese officials on Dec. 9 over alleged human rights issues related to Tibet, effective on Friday: the Foreign Ministry.",PDChina,China
"Southwest China's will strive to build its Lhasa, Xigaze, and Shannan into waste-free cities by 2025, according to regional authorities. Waste-free cities aim to achieve minimum production, optimized utilization, and safe disposal of municipal solid waste.",PDChina,China
"Nature surely has deft hands, sculpting the giant rock on a mountain in Jinhua, east China's Zhejiang Province, into a unique figure of being heavy at the top and light at the bottom.",PDChina,China
"The new-type CR200J Fuxing bullet train departed Friday from Chengdu for Panzhihua, both in southwest China's Sichuan Province, marking its debut. The new-type train has 9 carriages with a design speed of 160kph.",PDChina,China
"A rail-sea intermodal train, carrying 265 tonnes of raw sugar from , on Wednesday arrived in Lanzhou New Area, northwest China's Gansu Province. It is the first time raw sugar from India has entered Gansu through the New International Land-Sea Trade Corridor.",PDChina,China
"As the wetland environment of Jinzhou, northeast China's Liaoning Province, is getting better in recent years, lots of swans choose to fly here to spend winter.",PDChina,China
"The Lushui Lake, where the water possesses the same sapphire hue as the blue sky, catches visitors' eyes with hundreds of floating islands in Chibi, central China's Hubei Province.",PDChina,China
"Designed in the shape of two shells, Grand Theater is the only opera house built on an island in China.",PDChina,China
In video: Appreciate the stunning scenery of the Earth from China's Tiangong space station.,PDChina,China
"The new Chengdu-Kunming railway in southwest China will start all-line operation on Dec 26 with the Emei-Mianning section of the railway opening to traffic. With a design speed of 160 kph, the 915-km railway will cut the travel time between Chengdu and Kunming to 7.5 hours.",PDChina,China
"China's 2023 national graduate school entrance exam kicked off on Saturday, with 4.74 million applicants signing up for the exam.",PDChina,China
"Aerial view of Tiantishan Grottoes in Wuwei City, northwest China's Gansu Province. Tiantishan Grottoes are believed to be built as early as 1,600 years ago.",PDChina,China
"China's non-financial outbound direct investment () reached 687.86 billion yuan in the first 11 months of the year, up 7.4% YoY, according to the Ministry of Commerce. In U.S. dollar terms, the ODI rose 3.6% to 102.66 billion dollars.",PDChina,China
"President Xi Jinping on Saturday wrote back to the artists of the China Oriental Performing Arts Group, encouraging them to pursue people-centered cultural creation and production.",PDChina,China
"People of China's Miao ethnic group in southwest China's Province celebrated ""Gu Zang"" festival on Friday. As an important festival for the Miao people to offer sacrifice to their ancestors, ""Gu Zang"" festival was listed as China's intangible cultural heritage in 2006.",PDChina,China
"Time for some winter fun! At Zoological and Botanical Garden of Changchun, northeast China's Jilin Province, Siberian tigers are having a good time frolicking on the snowy ground.",PDChina,China
"The value of China's foreign contracted projects, with focus on the transport, construction, power engineering and petrochemical sectors, totaled 1.31 trillion yuan (about US$188 billion) in the first 11 months of this year, up 0.6% YoY, according to the Ministry of Commerce.",PDChina,China
"The mountain at the back of Jinji Ridge in Lechang City, south China's Guangdong Province, stands like a natural barrier.",PDChina,China
"The number of cities in China with the capability to offer gigabit 5G and optical fiber services reached 110 by the end of Oct, according to the MIIT. In terms of regional distribution, 41 of these cities are in east China, 29 in the central region and 40 in the country's west.",PDChina,China
"President Xi Jinping has called for enhanced efforts to build up China's strength in agriculture and do a good job in work on agriculture and rural areas, while addressing the annual central rural work conference held from Friday to Saturday in Beijing.",PDChina,China
"Check out the enchanting snow scenery of Mount Longtou in Hanzhong, northwest China's Shaanxi Province.",PDChina,China
"Sulige Gas Field of Changqing Oilfield, China's largest uncompartmentalized gas field, has seen its output this year reaching 30.04 billion cubic meters as of December 26, making it the country's first gas field with an annual output of over 30 billion cubic meters.",PDChina,China
"Fun time in the vegetable field! Farmers in southwest China's Yunnan Province use a small ""train"" to transport vegetables more quickly and conveniently.",PDChina,China
China's first homegrown large passenger aircraft on Monday started to undergo 100 hours of empty aircraft verification test flights. The aircraft is expected to be put into commercial use as early as the spring of 2023.,PDChina,China
"A 91-km high-speed railway line linking Changde and Yiyang in central China's Hunan Province entered operation on Monday. With a designed speed of 350 km per hour, the railway has slashed the travel time between Changde and Changsha, the provincial capital, to 59 minutes.",PDChina,China
The road to southwest China's Chengdu was momentarily blocked due to a fight between two rams.,PDChina,China
"The new Chengdu-Kunming railway in southwest China officially kicked off operation on Dec 26 with the Emei-Mianning section of the railway opening to traffic. With a design speed of 160 kph, the 915-km railway will cut the travel time between Chengdu and Kunming to 7.5 hours.",PDChina,China
"With an average net energy output of nearly 90 mln kWh per year, the hydro-floating solar project at Sirindhorn Dam in NE Thailand, co-developed by Thailand & China, provides low-cost, highly stable, eco-friendly energy to power up the country’s move toward a low-carbon society.",PDChina,China
"A floating sea of clouds gently sweeps through the peaks from one direction to another, creating an otherworldly hazy scene on Daheishan Mountain in Dalian, northeast China's Liaoning Province.",PDChina,China
"PLA Eastern Theater Command Sunday organized joint combat-readiness security patrols and exercises in the waters and airspace around Taiwan Island, a firm response to the escalation of collusion between the U.S. and China's Taiwan region, said a PLA spokesperson.",PDChina,China
"China's financial institutions saw their combined assets increase 10.1% year on year to 413.46 trillion yuan (about $59.23 trillion) by the end of Q3, data from the People's Bank of China showed.",PDChina,China
": China will resume processing Chinese citizens' applications for ordinary passports for tourism and visits abroad from January 8, 2023, said the National Immigration Administration.",PDChina,China
"The frozen waterfalls at Yuntai Mountain form a stunning winter scene in Jiaozuo, C China's Henan.",PDChina,China
"Rime in Jilin City, one of China's natural spectacles, turned the Songhua riverbank into a world of white.",PDChina,China
"14 tombs, dating back from the Eastern Han Dynasty (25-220) to Ming Dynasty (1368-1644), were unearthed in C China's Hunan. More than 150 burial objects, including pottery, ironware, bronze ware, and stone ornaments, were found in the tombs.",PDChina,China
The Chinese and Russian navies have concluded a 7-day joint naval exercise in the East China Sea on Tuesday. The drill is the 11th of its kind since 2012.,PDChina,China
"Observations made using China's Five-hundred-meter Aperture Spherical Telescope (FAST), the world's largest single-dish telescope, have unearthed circular polarization of 2 active repeating fast radio bursts (FRBs). A Chinese team reported the research in Science Bulletin Monday.",PDChina,China
China on Tuesday successfully sent Gaofen-11 04 satellite via the Long March-4B rocket into the preset orbit from Taiyuan Satellite Launch Center. It was the 457th flight mission of the Long March rocket series.,PDChina,China
Sheep feeding can be so romantic! A herdsman from north China's Inner Mongolia Autonomous Region artfully fashioned a heart shape out of hay.,PDChina,China
"Chinese tech giant Baidu said Mon that it is expanding commercial operation area & service time of its self-driving taxi service ""Apollo Go"" in Wuhan. It plans to add 200 autonomous cars across China in 2023, aiming to build world's largest autonomous ride-hailing service area.",PDChina,China
"Meet Wabu Lake Bridge glittering in the sunlight: The 3.04-km-long bridge connecting the east and west sides of Wabu Lake has brought much convenience to locals in Shouxian County, east China's Anhui Province.",PDChina,China
"The annual natural gas output of Changqing Oilfield exceeded 50 billion m3 as of Tuesday, making it China's first super-large natural gas production area with an annual output of 50 billion m3. The oilfield has put 2,338 gas wells into operation this year.",PDChina,China
"Covering an area of 250,000 m2, the Wang Family Compound located in north China's Shanxi province is the epitome of residential buildings in the Qing Dynasty. It took more than 300 years to build and has been included in the preparatory list of China's world cultural heritage.",PDChina,China
"Profits of China's major industrial firms declined 3.6% YoY to about 7.72 trillion yuan ($1.11 trillion) in the first 11 months of the year, data from the National Bureau of Statistics showed Tuesday.",PDChina,China
"Southwest China's Tibet vowed to expand the free coverage of vaccines to teenage girls aged 13 to 14 in the next three years, said a local press briefing on Monday.",PDChina,China
"China's in 2021 was revised to 114.92 trillion yuan (about $16.51 trillion), up 8.4% from a year earlier and representing a 556.7 billion yuan increase from the preliminary calculation, data from the National Bureau of Statistics showed on Tuesday.",PDChina,China
"Kongtong Mountain, which is located in Pingliang City, northwest China's Gansu Province, was a fortress on the ancient Silk Road. With a main peak of 2,123 meters above sea level, it has been known as ""the first mountain of Taoism in China”.",PDChina,China
"China will downgrade management of from Class A to Class B and cancel quarantine requirement for international arrivals starting from January 8, 2023, the National Health Commission announced on Monday.",PDChina,China
China’s Hong Kong SAR announced on Wednesday that all social distancing measures will be lifted from Thursday.,PDChina,China
": The US will require all travelers from China age 2 and older to submit a negative COVID test two days before departure starting Jan. 5, said health officials.",PDChina,China
In pics: Winter ice fishing is in full swing on Chagan Lake in NE China's Jilin Province.,PDChina,China
"A long Thousand Fingers banana tree has gone viral in Xishuangbanna, SW China's Yunnan. This variety of banana tree mainly grows in Southeast Asia.",PDChina,China
"In pics: Glauber salt formed on a pink salt lake due to the low temperatures in Yuncheng City, N China's Shanxi Province.",PDChina,China
"Golden pheasants were seen in Pingdingshan, C China's Henan. Their bright heads, red feathers, and long tails make them one of the most beautiful birds worldwide.",PDChina,China
"One person was killed on Wednesday, after over 200 vehicles were involved in a pile-up due to extremely foggy conditions on a bridge in C China's Zhengzhou City, local authority said.",PDChina,China
How to get health checks done in space? China's crew has taken blood tests to keep track of their body conditions after living in orbit for nearly one month. Collecting blood samples in a microgravity environment is not easy. See how they did it!,PDChina,China
"China's social logistics rose 3.4% year on year to 301.9 trillion yuan (about $43.29 trillion) in the first 11 months of this year, said the China Federation of Logistics and Purchasing.",PDChina,China
"Workers collected ice from a river in Harbin, capital of northeast China's Heilongjiang Province. Every winter, ice cubes collected from the frozen river will be used in the decoration of the Harbin Ice and Snow World.",PDChina,China
"Drilling of the Yuanshen 1 vertical well has been completed at a depth of 8,866 meters in the Sichuan Basin in southwest China, marking the deepest vertical well in the basin, Sinopec said on Wednesday.",PDChina,China
"""Fire phoenix"" flies in sky: A man made a phoenix kite controlled by a drone, and flew it in the sky in Shangqiu, central China's Henan Province, on Sunday.",PDChina,China
"Enjoy the festivity! The Yuquanshan Forest Park decorated by countless fancy lanterns emits a mesmerizing glamour of vibrant colors under the night sky in Taiyuan, north China's Shanxi Province.",PDChina,China
"A team of 6 Chinese experts arrived in the Nepali capital Kathmandu on Tuesday for the feasibility study of the China-Nepal cross-border railway, a move described by the Nepali side as a new step for the project.",PDChina,China
"The Xin'an-Yichuan Expressway in central China's Henan Province opened to traffic on Monday. With a design speed of 100 kilometers per hour, the 81-km expressway is an important part of the expressway network in Henan Province.",PDChina,China
"Jiayu Pass, in northwest China's Gansu Province, appears to be more solemn and magnificent when blanketed by snow. The pass is regarded as the western start of the in the Ming Dynasty (1368-1644).",PDChina,China
The China-aided renovation project of the National Theatre of Yangon was officially handed over to the Myanmar government on Tuesday. The upgrading work has made the theatre a modernized one of higher standards.,PDChina,China
"The largest photovoltaic supply project in SW China’s Tibet was connected to grid and began power generation Sun in Seni district of Nagqu. The plant at an altitude of 4,500m has an installed capacity of 120,000kW and can generate an average of 247 mln kWh of electricity annually",PDChina,China
"Fuman oilfield, China's largest ultra-deep oilfield, had so far produced 3.09 million tonnes of oil and gas equivalent in 2022, said the Tarim oilfield branch of PetroChina on Monday. The Fuman oilfield boasts more than 1 billion tonnes of oil and gas resources.",PDChina,China
"The China-developed oral antiviral agent VV116, a potent anti-COVID-19 drug, is proved to be as effective as Paxlovid in increasing the speed of clinical recovery, according to a study published in the New England Journal of Medicine.",PDChina,China
"A large group of horses galloped on the snow-covered land in NW China, forming a magnificent sight.",PDChina,China
Winter scenery of snow-capped and clouds-shrouded Mount Huashan in NW China's Shaanxi.,PDChina,China
"China has decided to adjust its tariff plan for 2023 and expand the number of tariff items, the Customs Tariff Commission said Thursday. The overall tariff level will drop from 7.4% to 7.3% for the year, it added.",PDChina,China
"Over 560 meters (1,855 ft) above a valley, the Beipanjiang Bridge in SW China is one of the world’s highest of its kind, spanning over 1,340 meters (about 4,400 ft).",PDChina,China
"Italy will make COVID-19 tests for passengers arriving from China mandatory, the country's health minister said Wednesday.",PDChina,China
"Imports and exports between China and other members totaled 11.8 trillion yuan (about $1.69 trillion) in the first 11 months of this year, up 7.9% year on year and accounting for 30.7% of China's foreign trade, said the Ministry of Commerce on Thursday.",PDChina,China
"A freight train loaded with 100 TEUs of goods departed from Shijiazhuang International Land Port in north China's Hebei on Thursday, marking the record 500th China-Europe freight train launched from the province in 2022.",PDChina,China
"Get ready to be wowed by the futuristic design of the Gangxia North Comprehensive Transport Hub in Shenzhen, south China's Guangdong. The transport hub is a four-line interchange station, connecting lines 2, 10, 11, and 14 of Shenzhen Metro.",PDChina,China
China on Thursday successfully sent Shiyan-10 02 satellite into the preset orbit via a Long March-3B from Xichang Satellite Launch Center. It was the 458th flight mission of the Long March rocket series.,PDChina,China
Yinchuan-Lanzhou High-speed Railway in northwest China on Thursday kicked off all-line operation. The railway spans 431 km in length and has a design speed of 250 km/h.,PDChina,China
"Check out the most eco-friendly refrigerator! With the help of nature, a local in north China's Inner Mongolia made himself a natural refrigerator step by step.",PDChina,China
"Hanshan Temple in Suzhou, east China's Jiangsu Province, boasts plentiful humanistic scenes and beautiful natural sights. On Dec 31st every year, it's a custom for local people and tourists to gather at the temple to listen to bell ringing for the coming new year.",PDChina,China
"The world’s first hydrogen-powered city train indigenously developed by China rolled off the production line in Chengdu of Sichuan Province on Wednesday. The zero-carbon train, with a maximum speed of 160 km/h, can run 600 km on one fueling.",PDChina,China
"The 1,220-meter-long Ganxi grand bridge in southwest China's Guizhou Province, part of Guiyang-Huangping Expressway, was completed and opened to traffic on Wednesday.",PDChina,China
"China will remove certain restrictions on international passenger flights from Jan. 8, 2023, to prudently resume the operation of the flights. Limits on the number of flights will no longer be applicable, the Civil Aviation Administration of China said on Wednesday.",PDChina,China
"Container throughput at China's ports went up 4.2% year on year in the first 11 months of 2022 to some 270 million twenty-foot equivalent units, data from the Ministry of Transport showed Wednesday.",PDChina,China
"The Qinshui coalbed methane field in north China's Shanxi Province, the largest of its kind in the country, produced 6 million cubic meters of gas on Tuesday, hitting a fresh daily high.",PDChina,China
"China's fixed-asset investment in the transport sector totaled 3.5 trillion yuan (about $502 billion) in the first 11 months of 2022, rising 5.8% year on year, data from the Ministry of Transport showed Wednesday.",PDChina,China
"A remarkable sight! A large group of ducks filled the roadway in Wenzhou, E China's Zhejiang.",PDChina,China
"China on Friday held a video meeting with the WHO and exchanged views on the current COVID-19 situation, treatment and vaccinations: China's National Health Commission",PDChina,China
"The UK will require travelers from China to provide negative Covid-19 test results before boarding, British media reported on Friday.",PDChina,China
"Bumper harvest! Over 100 tons of fish were caught in the first batch of winter fishing season at Haernao, NE China's Liaoning.",PDChina,China
"China on Friday granted conditional market approval for the import of Merck's COVID-19 treatment, Molnupiravir.",PDChina,China
"Flower-shaped ice crystals covered China's Sayram Lake, owning to Mother Nature, the real wonder creator.",PDChina,China
"Qin Gang, currently the Chinese ambassador to the US, was appointed as China's new foreign minister on Friday, replacing Wang Yi.",PDChina,China
"Chinese President Xi Jinping met with Russian President Vladimir Putin via video link on Friday, and said China and Russia should strengthen strategic coordination to bring more benefits to the two peoples and inject more stability into the world.",PDChina,China
"Serene and ethereal: Snow dressed up the Dongbai Mountain in Jinhua, east China's Zhejiang Province, in pure white.",PDChina,China
"Take a stroll among the towering trees to overlook the boundless green of nature in Xishuangbanna, southwest China's Yunnan Province.",PDChina,China
"The 14th , China's top legislature, will kick off its first annual session in Beijing on March 5, 2023; the first annual session of the 14th National Committee, the top political advisory body, has been suggested to start on March 4, 2023, in Beijing.",PDChina,China
"At the invitation of President Xi Jinping, Philippine President Ferdinand Romualdez Marcos Jr. will pay a state visit to China from January 3 to 5, 2023, Foreign Ministry spokesperson announced on Friday.",PDChina,China
"Cultural events were held in north China's on Friday to celebrate the , literally the eighth day of the 12th lunar month. People usually eat the Laba congee and make Laba garlic on this day.",PDChina,China
A new sea-rail freight train route linking Meishan and Chongqing in SW China and on New International Land-Sea Trade Corridor was launched Thursday as a fully loaded train departed from Meishan.,PDChina,China
"Construction of the world’s largest solar and wind power base in desert areas kicked off Wednesday in the Kubuqi Desert in China. Once completed, the 16 million kW base will be able to transfer about 40 billion kWh of electricity to the Beijing-Tianjin-Hebei region every year.",PDChina,China
"The white peacock spreads its tail, a symbol of good luck to whoever sees it, in Xishuangbanna, southwest China's Yunnan Province.",PDChina,China
"Archaeologists have found more than 300 tombs dating back around 4,500 years in the Suyang relics site in Luoyang, central China's Henan Province, which are of great significance to studying the burial system and social structure of prehistoric China.",PDChina,China
"Giant panda Yong Ming, currently living in Japan, will return to China with his twin daughters on February 22, 2023, Kyodo News reported Thursday. Yong Ming was sent to Japan in 1994 and is now 30 years old.",PDChina,China
"China has selected 49 candidate areas for building national parks, to better protect wildlife species and their habitats. The candidate sites cover an area of around 1.1 mln square kilometers and incorporate over 5,000 wild vertebrate species and 29,000 types of higher plants.",PDChina,China
"The 100th ARJ21 aircraft, China's first indigenously developed passenger jetliner, was delivered to its client Thursday. The 100 ARJ21 aircraft are operating on 316 flight routes, connecting 118 cities and safely carrying nearly 6 mln passengers to date, said COMAC. (file pic)",PDChina,China
